{
  "config": "{\"version\":\"5.59\",\"themeCollection\":{\"baseTheme\":{\"name\":\"CY24SU10\",\"version\":\"5.65\",\"type\":2}},\"activeSectionIndex\":0,\"defaultDrillFilterOtherVisuals\":true,\"linguisticSchemaSyncVersion\":2,\"settings\":{\"useNewFilterPaneExperience\":true,\"allowChangeFilterTypes\":true,\"useStylableVisualContainerHeader\":true,\"queryLimitOption\":6,\"exportDataMode\":1,\"useDefaultAggregateDisplayName\":true,\"useEnhancedTooltips\":true},\"objects\":{\"section\":[{\"properties\":{\"verticalAlignment\":{\"expr\":{\"Literal\":{\"Value\":\"'Top'\"}}}}}],\"outspacePane\":[{\"properties\":{\"expanded\":{\"expr\":{\"Literal\":{\"Value\":\"false\"}}}}}]}}",
  "layoutOptimization": 0,
  "resourcePackages": [
    {
      "resourcePackage": {
        "disabled": false,
        "items": [
          {
            "name": "CY24SU10",
            "path": "BaseThemes/CY24SU10.json",
            "type": 202
          }
        ],
        "name": "SharedResources",
        "type": 2
      }
    }
  ],
  "sections": [
    {
      "config": "{\"objects\":{\"displayArea\":[{\"properties\":{\"verticalAlignment\":{\"expr\":{\"Literal\":{\"Value\":\"'Middle'\"}}}}}],\"background\":[{\"properties\":{\"color\":{\"solid\":{\"color\":{\"expr\":{\"ThemeDataColor\":{\"ColorId\":0,\"Percent\":-0.5}}}}},\"transparency\":{\"expr\":{\"Literal\":{\"Value\":\"76D\"}}}}}]}}",
      "displayName": "Department & Job ",
      "displayOption": 1,
      "filters": "[]",
      "height": 720.00,
      "name": "044b0388300e9c40892e",
      "ordinal": 1,
      "visualContainers": [
        {
          "config": "{\"name\":\"1237f0ac5a04c1d80737\",\"layouts\":[{\"id\":0,\"position\":{\"x\":0,\"y\":295.3469387755102,\"z\":8000,\"width\":198.3673469387755,\"height\":116.08163265306122,\"tabOrder\":8000}}],\"singleVisual\":{\"visualType\":\"slicer\",\"projections\":{\"Values\":[{\"queryRef\":\"WA_Fn-UseC_-HR-Employee-Attrition.MaritalStatus\",\"active\":true}]},\"prototypeQuery\":{\"Version\":2,\"From\":[{\"Name\":\"w\",\"Entity\":\"WA_Fn-UseC_-HR-Employee-Attrition\",\"Type\":0}],\"Select\":[{\"Column\":{\"Expression\":{\"SourceRef\":{\"Source\":\"w\"}},\"Property\":\"MaritalStatus\"},\"Name\":\"WA_Fn-UseC_-HR-Employee-Attrition.MaritalStatus\",\"NativeReferenceName\":\"MaritalStatus\"}]},\"drillFilterOtherVisuals\":true,\"objects\":{\"data\":[{\"properties\":{\"mode\":{\"expr\":{\"Literal\":{\"Value\":\"'Basic'\"}}}}}],\"general\":[{\"properties\":{}}]}}}",
          "filters": "[]",
          "height": 116.08,
          "width": 198.37,
          "x": 0.00,
          "y": 295.35,
          "z": 8000.00
        },
        {
          "config": "{\"name\":\"20235254bb403820d04c\",\"layouts\":[{\"id\":0,\"position\":{\"x\":209.9737532808399,\"y\":78.9501312335958,\"z\":1000,\"width\":253.6482939632546,\"height\":107.50656167979002,\"tabOrder\":1000}}],\"singleVisual\":{\"visualType\":\"card\",\"projections\":{\"Values\":[{\"queryRef\":\"Sum(WA_Fn-UseC_-HR-Employee-Attrition.EmployeeCount)\"}]},\"prototypeQuery\":{\"Version\":2,\"From\":[{\"Name\":\"w\",\"Entity\":\"WA_Fn-UseC_-HR-Employee-Attrition\",\"Type\":0}],\"Select\":[{\"Aggregation\":{\"Expression\":{\"Column\":{\"Expression\":{\"SourceRef\":{\"Source\":\"w\"}},\"Property\":\"EmployeeCount\"}},\"Function\":0},\"Name\":\"Sum(WA_Fn-UseC_-HR-Employee-Attrition.EmployeeCount)\",\"NativeReferenceName\":\"Sum of EmployeeCount\"}],\"OrderBy\":[{\"Direction\":2,\"Expression\":{\"Aggregation\":{\"Expression\":{\"Column\":{\"Expression\":{\"SourceRef\":{\"Source\":\"w\"}},\"Property\":\"EmployeeCount\"}},\"Function\":0}}}]},\"drillFilterOtherVisuals\":true,\"hasDefaultSort\":true,\"objects\":{\"categoryLabels\":[{\"properties\":{\"show\":{\"expr\":{\"Literal\":{\"Value\":\"false\"}}}}}]},\"vcObjects\":{\"title\":[{\"properties\":{\"show\":{\"expr\":{\"Literal\":{\"Value\":\"true\"}}},\"text\":{\"expr\":{\"Literal\":{\"Value\":\"'Total Employees'\"}}},\"alignment\":{\"expr\":{\"Literal\":{\"Value\":\"'center'\"}}},\"background\":{\"solid\":{\"color\":{\"expr\":{\"Literal\":{\"Value\":\"'#eb895f'\"}}}}},\"fontSize\":{\"expr\":{\"Literal\":{\"Value\":\"16D\"}}},\"bold\":{\"expr\":{\"Literal\":{\"Value\":\"true\"}}},\"fontColor\":{\"solid\":{\"color\":{\"expr\":{\"ThemeDataColor\":{\"ColorId\":1,\"Percent\":0}}}}}}}]}}}",
          "filters": "[]",
          "height": 107.51,
          "width": 253.65,
          "x": 209.97,
          "y": 78.95,
          "z": 1000.00
        },
        {
          "config": "{\"name\":\"25e7f8f11232d123700c\",\"layouts\":[{\"id\":0,\"position\":{\"x\":0,\"y\":79.3469387755102,\"z\":11000,\"width\":198.3673469387755,\"height\":107.26530612244898,\"tabOrder\":11000}}],\"singleVisual\":{\"visualType\":\"shape\",\"drillFilterOtherVisuals\":true,\"objects\":{\"shape\":[{\"properties\":{\"tileShape\":{\"expr\":{\"Literal\":{\"Value\":\"'rectangle'\"}}}}}],\"rotation\":[{\"properties\":{\"shapeAngle\":{\"expr\":{\"Literal\":{\"Value\":\"0L\"}}}}}],\"fill\":[{\"properties\":{\"fillColor\":{\"solid\":{\"color\":{\"expr\":{\"Literal\":{\"Value\":\"'#eb895f'\"}}}}}},\"selector\":{\"id\":\"default\"}}],\"text\":[{\"properties\":{\"show\":{\"expr\":{\"Literal\":{\"Value\":\"true\"}}}}},{\"properties\":{\"text\":{\"expr\":{\"Literal\":{\"Value\":\"'Filters'\"}}},\"fontSize\":{\"expr\":{\"Literal\":{\"Value\":\"30D\"}}},\"bold\":{\"expr\":{\"Literal\":{\"Value\":\"true\"}}}},\"selector\":{\"id\":\"default\"}}],\"outline\":[{\"properties\":{\"show\":{\"expr\":{\"Literal\":{\"Value\":\"false\"}}}}}]}},\"howCreated\":\"InsertVisualButton\"}",
          "filters": "[]",
          "height": 107.27,
          "width": 198.37,
          "x": 0.00,
          "y": 79.35,
          "z": 11000.00
        },
        {
          "config": "{\"name\":\"49b6e6463e8c003a3661\",\"layouts\":[{\"id\":0,\"position\":{\"x\":210.12244897959184,\"y\":467.265306122449,\"z\":12001,\"width\":520.1632653061224,\"height\":252.73469387755102,\"tabOrder\":12001}}],\"singleVisual\":{\"visualType\":\"lineChart\",\"projections\":{\"Category\":[{\"queryRef\":\"WA_Fn-UseC_-HR-Employee-Attrition.YearsInCurrentRole\",\"active\":true}],\"Y\":[{\"queryRef\":\"CountNonNull(WA_Fn-UseC_-HR-Employee-Attrition.Attrition)\"}]},\"prototypeQuery\":{\"Version\":2,\"From\":[{\"Name\":\"w\",\"Entity\":\"WA_Fn-UseC_-HR-Employee-Attrition\",\"Type\":0}],\"Select\":[{\"Column\":{\"Expression\":{\"SourceRef\":{\"Source\":\"w\"}},\"Property\":\"YearsInCurrentRole\"},\"Name\":\"WA_Fn-UseC_-HR-Employee-Attrition.YearsInCurrentRole\",\"NativeReferenceName\":\"YearsInCurrentRole\"},{\"Aggregation\":{\"Expression\":{\"Column\":{\"Expression\":{\"SourceRef\":{\"Source\":\"w\"}},\"Property\":\"Attrition\"}},\"Function\":5},\"Name\":\"CountNonNull(WA_Fn-UseC_-HR-Employee-Attrition.Attrition)\",\"NativeReferenceName\":\"Count of Attrition\"}],\"OrderBy\":[{\"Direction\":2,\"Expression\":{\"Aggregation\":{\"Expression\":{\"Column\":{\"Expression\":{\"SourceRef\":{\"Source\":\"w\"}},\"Property\":\"Attrition\"}},\"Function\":5}}}]},\"drillFilterOtherVisuals\":true,\"hasDefaultSort\":true,\"objects\":{\"labels\":[{\"properties\":{\"show\":{\"expr\":{\"Literal\":{\"Value\":\"false\"}}}}}],\"dataPoint\":[{\"properties\":{\"fill\":{\"solid\":{\"color\":{\"expr\":{\"ThemeDataColor\":{\"ColorId\":4,\"Percent\":-0.5}}}}}}},{\"properties\":{\"fill\":{\"solid\":{\"color\":{\"expr\":{\"Literal\":{\"Value\":\"'#73361c'\"}}}}}},\"selector\":{\"metadata\":\"CountNonNull(WA_Fn-UseC_-HR-Employee-Attrition.Attrition)\"}}],\"lineStyles\":[{\"properties\":{\"showMarker\":{\"expr\":{\"Literal\":{\"Value\":\"true\"}}}}}]},\"vcObjects\":{\"title\":[{\"properties\":{\"text\":{\"expr\":{\"Literal\":{\"Value\":\"'Attrition by YearsInCurrentRole'\"}}}}}]}}}",
          "filters": "[{\"name\":\"6612d1f290ba5220a498\",\"expression\":{\"Column\":{\"Expression\":{\"SourceRef\":{\"Entity\":\"WA_Fn-UseC_-HR-Employee-Attrition\"}},\"Property\":\"Attrition\"}},\"filter\":{\"Version\":2,\"From\":[{\"Name\":\"w\",\"Entity\":\"WA_Fn-UseC_-HR-Employee-Attrition\",\"Type\":0}],\"Where\":[{\"Condition\":{\"In\":{\"Expressions\":[{\"Column\":{\"Expression\":{\"SourceRef\":{\"Source\":\"w\"}},\"Property\":\"Attrition\"}}],\"Values\":[[{\"Literal\":{\"Value\":\"'Yes'\"}}]]}}}]},\"type\":\"Categorical\",\"howCreated\":1,\"objects\":{}}]",
          "height": 252.73,
          "width": 520.16,
          "x": 210.12,
          "y": 467.27,
          "z": 12001.00
        },
        {
          "config": "{\"name\":\"4f36dbae930b62c57a17\",\"layouts\":[{\"id\":0,\"position\":{\"x\":743.5102040816327,\"y\":192.48979591836735,\"z\":5000,\"width\":526.0408163265306,\"height\":527.5102040816327,\"tabOrder\":5000}}],\"singleVisual\":{\"visualType\":\"clusteredColumnChart\",\"projections\":{\"Y\":[{\"queryRef\":\"CountNonNull(WA_Fn-UseC_-HR-Employee-Attrition.Attrition)\"}],\"Category\":[{\"queryRef\":\"WA_Fn-UseC_-HR-Employee-Attrition.JobRole\",\"active\":true}]},\"prototypeQuery\":{\"Version\":2,\"From\":[{\"Name\":\"w\",\"Entity\":\"WA_Fn-UseC_-HR-Employee-Attrition\",\"Type\":0}],\"Select\":[{\"Aggregation\":{\"Expression\":{\"Column\":{\"Expression\":{\"SourceRef\":{\"Source\":\"w\"}},\"Property\":\"Attrition\"}},\"Function\":5},\"Name\":\"CountNonNull(WA_Fn-UseC_-HR-Employee-Attrition.Attrition)\",\"NativeReferenceName\":\"Count of Attrition\"},{\"Column\":{\"Expression\":{\"SourceRef\":{\"Source\":\"w\"}},\"Property\":\"JobRole\"},\"Name\":\"WA_Fn-UseC_-HR-Employee-Attrition.JobRole\",\"NativeReferenceName\":\"JobRole\"}],\"OrderBy\":[{\"Direction\":2,\"Expression\":{\"Aggregation\":{\"Expression\":{\"Column\":{\"Expression\":{\"SourceRef\":{\"Source\":\"w\"}},\"Property\":\"Attrition\"}},\"Function\":5}}}]},\"drillFilterOtherVisuals\":true,\"hasDefaultSort\":true,\"objects\":{\"labels\":[{\"properties\":{\"show\":{\"expr\":{\"Literal\":{\"Value\":\"true\"}}}}}],\"dataPoint\":[{\"properties\":{\"fill\":{\"solid\":{\"color\":{\"expr\":{\"ThemeDataColor\":{\"ColorId\":4,\"Percent\":-0.5}}}}}}}]},\"vcObjects\":{\"title\":[{\"properties\":{\"text\":{\"expr\":{\"Literal\":{\"Value\":\"'Attrition by JobRole'\"}}}}}]}}}",
          "filters": "[{\"name\":\"6612d1f290ba5220a498\",\"expression\":{\"Column\":{\"Expression\":{\"SourceRef\":{\"Entity\":\"WA_Fn-UseC_-HR-Employee-Attrition\"}},\"Property\":\"Attrition\"}},\"filter\":{\"Version\":2,\"From\":[{\"Name\":\"w\",\"Entity\":\"WA_Fn-UseC_-HR-Employee-Attrition\",\"Type\":0}],\"Where\":[{\"Condition\":{\"In\":{\"Expressions\":[{\"Column\":{\"Expression\":{\"SourceRef\":{\"Source\":\"w\"}},\"Property\":\"Attrition\"}}],\"Values\":[[{\"Literal\":{\"Value\":\"'Yes'\"}}]]}}}]},\"type\":\"Categorical\",\"howCreated\":1,\"objects\":{}}]",
          "height": 527.51,
          "width": 526.04,
          "x": 743.51,
          "y": 192.49,
          "z": 5000.00
        },
        {
          "config": "{\"name\":\"6c249be001c207b1aa18\",\"layouts\":[{\"id\":0,\"position\":{\"x\":210.12244897959184,\"y\":192.48979591836735,\"z\":6000,\"width\":520.1632653061224,\"height\":264.48979591836735,\"tabOrder\":6000}}],\"singleVisual\":{\"visualType\":\"pieChart\",\"projections\":{\"Y\":[{\"queryRef\":\"CountNonNull(WA_Fn-UseC_-HR-Employee-Attrition.Attrition)\"}],\"Category\":[{\"queryRef\":\"WA_Fn-UseC_-HR-Employee-Attrition.Department\",\"active\":true}]},\"prototypeQuery\":{\"Version\":2,\"From\":[{\"Name\":\"w\",\"Entity\":\"WA_Fn-UseC_-HR-Employee-Attrition\",\"Type\":0}],\"Select\":[{\"Aggregation\":{\"Expression\":{\"Column\":{\"Expression\":{\"SourceRef\":{\"Source\":\"w\"}},\"Property\":\"Attrition\"}},\"Function\":5},\"Name\":\"CountNonNull(WA_Fn-UseC_-HR-Employee-Attrition.Attrition)\",\"NativeReferenceName\":\"Count of Attrition\"},{\"Column\":{\"Expression\":{\"SourceRef\":{\"Source\":\"w\"}},\"Property\":\"Department\"},\"Name\":\"WA_Fn-UseC_-HR-Employee-Attrition.Department\",\"NativeReferenceName\":\"Department\"}],\"OrderBy\":[{\"Direction\":2,\"Expression\":{\"Aggregation\":{\"Expression\":{\"Column\":{\"Expression\":{\"SourceRef\":{\"Source\":\"w\"}},\"Property\":\"Attrition\"}},\"Function\":5}}}]},\"drillFilterOtherVisuals\":true,\"hasDefaultSort\":true,\"objects\":{\"labels\":[{\"properties\":{\"show\":{\"expr\":{\"Literal\":{\"Value\":\"true\"}}}}}],\"dataPoint\":[{\"properties\":{\"fill\":{\"solid\":{\"color\":{\"expr\":{\"ThemeDataColor\":{\"ColorId\":4,\"Percent\":-0.5}}}}}}},{\"properties\":{\"fill\":{\"solid\":{\"color\":{\"expr\":{\"ThemeDataColor\":{\"ColorId\":4,\"Percent\":0.2}}}}}},\"selector\":{\"data\":[{\"scopeId\":{\"Comparison\":{\"ComparisonKind\":0,\"Left\":{\"Column\":{\"Expression\":{\"SourceRef\":{\"Entity\":\"WA_Fn-UseC_-HR-Employee-Attrition\"}},\"Property\":\"MaritalStatus\"}},\"Right\":{\"Literal\":{\"Value\":\"'Single'\"}}}}}]}},{\"properties\":{\"fill\":{\"solid\":{\"color\":{\"expr\":{\"ThemeDataColor\":{\"ColorId\":4,\"Percent\":-0.5}}}}}},\"selector\":{\"data\":[{\"scopeId\":{\"Comparison\":{\"ComparisonKind\":0,\"Left\":{\"Column\":{\"Expression\":{\"SourceRef\":{\"Entity\":\"WA_Fn-UseC_-HR-Employee-Attrition\"}},\"Property\":\"MaritalStatus\"}},\"Right\":{\"Literal\":{\"Value\":\"'Married'\"}}}}}]}},{\"properties\":{\"fill\":{\"solid\":{\"color\":{\"expr\":{\"Literal\":{\"Value\":\"'#FF8800'\"}}}}}},\"selector\":{\"data\":[{\"scopeId\":{\"Comparison\":{\"ComparisonKind\":0,\"Left\":{\"Column\":{\"Expression\":{\"SourceRef\":{\"Entity\":\"WA_Fn-UseC_-HR-Employee-Attrition\"}},\"Property\":\"MaritalStatus\"}},\"Right\":{\"Literal\":{\"Value\":\"'Divorced'\"}}}}}]}},{\"properties\":{\"fill\":{\"solid\":{\"color\":{\"expr\":{\"Literal\":{\"Value\":\"'#73361c'\"}}}}}},\"selector\":{\"data\":[{\"scopeId\":{\"Comparison\":{\"ComparisonKind\":0,\"Left\":{\"Column\":{\"Expression\":{\"SourceRef\":{\"Entity\":\"WA_Fn-UseC_-HR-Employee-Attrition\"}},\"Property\":\"Department\"}},\"Right\":{\"Literal\":{\"Value\":\"'Research & Development'\"}}}}}]}},{\"properties\":{\"fill\":{\"solid\":{\"color\":{\"expr\":{\"Literal\":{\"Value\":\"'#eb895f'\"}}}}}},\"selector\":{\"data\":[{\"scopeId\":{\"Comparison\":{\"ComparisonKind\":0,\"Left\":{\"Column\":{\"Expression\":{\"SourceRef\":{\"Entity\":\"WA_Fn-UseC_-HR-Employee-Attrition\"}},\"Property\":\"Department\"}},\"Right\":{\"Literal\":{\"Value\":\"'Sales'\"}}}}}]}},{\"properties\":{\"fill\":{\"solid\":{\"color\":{\"expr\":{\"Literal\":{\"Value\":\"'#FF8800'\"}}}}}},\"selector\":{\"data\":[{\"scopeId\":{\"Comparison\":{\"ComparisonKind\":0,\"Left\":{\"Column\":{\"Expression\":{\"SourceRef\":{\"Entity\":\"WA_Fn-UseC_-HR-Employee-Attrition\"}},\"Property\":\"Department\"}},\"Right\":{\"Literal\":{\"Value\":\"'Human Resources'\"}}}}}]}}],\"legend\":[{\"properties\":{\"position\":{\"expr\":{\"Literal\":{\"Value\":\"'RightCenter'\"}}}}}]},\"vcObjects\":{\"title\":[{\"properties\":{\"text\":{\"expr\":{\"Literal\":{\"Value\":\"'Attrition by Department'\"}}}}}]}}}",
          "filters": "[{\"name\":\"d4a86d4fd5bb77b4423d\",\"expression\":{\"Column\":{\"Expression\":{\"SourceRef\":{\"Entity\":\"WA_Fn-UseC_-HR-Employee-Attrition\"}},\"Property\":\"Attrition\"}},\"filter\":{\"Version\":2,\"From\":[{\"Name\":\"w\",\"Entity\":\"WA_Fn-UseC_-HR-Employee-Attrition\",\"Type\":0}],\"Where\":[{\"Condition\":{\"In\":{\"Expressions\":[{\"Column\":{\"Expression\":{\"SourceRef\":{\"Source\":\"w\"}},\"Property\":\"Attrition\"}}],\"Values\":[[{\"Literal\":{\"Value\":\"'Yes'\"}}]]}}}]},\"type\":\"Categorical\",\"howCreated\":1,\"objects\":{}}]",
          "height": 264.49,
          "width": 520.16,
          "x": 210.12,
          "y": 192.49,
          "z": 6000.00
        },
        {
          "config": "{\"name\":\"6cb0fd22d2b5136b39e9\",\"layouts\":[{\"id\":0,\"position\":{\"x\":744.1469816272966,\"y\":78.9501312335958,\"z\":3000,\"width\":260.36745406824144,\"height\":107.50656167979002,\"tabOrder\":3000}}],\"singleVisual\":{\"visualType\":\"card\",\"projections\":{\"Values\":[{\"queryRef\":\"Sum(WA_Fn-UseC_-HR-Employee-Attrition.EmployeeCount)\"}]},\"prototypeQuery\":{\"Version\":2,\"From\":[{\"Name\":\"w\",\"Entity\":\"WA_Fn-UseC_-HR-Employee-Attrition\",\"Type\":0}],\"Select\":[{\"Aggregation\":{\"Expression\":{\"Column\":{\"Expression\":{\"SourceRef\":{\"Source\":\"w\"}},\"Property\":\"EmployeeCount\"}},\"Function\":0},\"Name\":\"Sum(WA_Fn-UseC_-HR-Employee-Attrition.EmployeeCount)\",\"NativeReferenceName\":\"Sum of EmployeeCount\"}],\"OrderBy\":[{\"Direction\":2,\"Expression\":{\"Aggregation\":{\"Expression\":{\"Column\":{\"Expression\":{\"SourceRef\":{\"Source\":\"w\"}},\"Property\":\"EmployeeCount\"}},\"Function\":0}}}]},\"drillFilterOtherVisuals\":true,\"hasDefaultSort\":true,\"objects\":{\"categoryLabels\":[{\"properties\":{\"show\":{\"expr\":{\"Literal\":{\"Value\":\"false\"}}}}}]},\"vcObjects\":{\"title\":[{\"properties\":{\"show\":{\"expr\":{\"Literal\":{\"Value\":\"true\"}}},\"text\":{\"expr\":{\"Literal\":{\"Value\":\"'Current Employees'\"}}},\"fontSize\":{\"expr\":{\"Literal\":{\"Value\":\"16D\"}}},\"bold\":{\"expr\":{\"Literal\":{\"Value\":\"true\"}}},\"background\":{\"solid\":{\"color\":{\"expr\":{\"Literal\":{\"Value\":\"'#eb895f'\"}}}}},\"alignment\":{\"expr\":{\"Literal\":{\"Value\":\"'center'\"}}}}}]}}}",
          "filters": "[{\"name\":\"b6be29d9a3014e907aec\",\"expression\":{\"Column\":{\"Expression\":{\"SourceRef\":{\"Entity\":\"WA_Fn-UseC_-HR-Employee-Attrition\"}},\"Property\":\"Attrition\"}},\"filter\":{\"Version\":2,\"From\":[{\"Name\":\"w\",\"Entity\":\"WA_Fn-UseC_-HR-Employee-Attrition\",\"Type\":0}],\"Where\":[{\"Condition\":{\"In\":{\"Expressions\":[{\"Column\":{\"Expression\":{\"SourceRef\":{\"Source\":\"w\"}},\"Property\":\"Attrition\"}}],\"Values\":[[{\"Literal\":{\"Value\":\"'No'\"}}]]}}}]},\"type\":\"Categorical\",\"howCreated\":1,\"objects\":{}}]",
          "height": 107.51,
          "width": 260.37,
          "x": 744.15,
          "y": 78.95,
          "z": 3000.00
        },
        {
          "config": "{\"name\":\"7830c3071274dec77b51\",\"layouts\":[{\"id\":0,\"position\":{\"x\":0,\"y\":421.7142857142857,\"z\":9000,\"width\":198.3673469387755,\"height\":116.08163265306122,\"tabOrder\":9000}}],\"singleVisual\":{\"visualType\":\"slicer\",\"projections\":{\"Values\":[{\"queryRef\":\"WA_Fn-UseC_-HR-Employee-Attrition.Department\",\"active\":true}]},\"prototypeQuery\":{\"Version\":2,\"From\":[{\"Name\":\"w\",\"Entity\":\"WA_Fn-UseC_-HR-Employee-Attrition\",\"Type\":0}],\"Select\":[{\"Column\":{\"Expression\":{\"SourceRef\":{\"Source\":\"w\"}},\"Property\":\"Department\"},\"Name\":\"WA_Fn-UseC_-HR-Employee-Attrition.Department\",\"NativeReferenceName\":\"Department\"}]},\"drillFilterOtherVisuals\":true,\"objects\":{\"data\":[{\"properties\":{\"mode\":{\"expr\":{\"Literal\":{\"Value\":\"'Basic'\"}}}}}]}}}",
          "filters": "[]",
          "height": 116.08,
          "width": 198.37,
          "x": 0.00,
          "y": 421.71,
          "z": 9000.00
        },
        {
          "config": "{\"name\":\"7be6c49530453c9aba00\",\"layouts\":[{\"id\":0,\"position\":{\"x\":0,\"y\":8.816326530612244,\"z\":12002,\"width\":395.265306122449,\"height\":49.95918367346938}}],\"singleVisual\":{\"visualType\":\"pageNavigator\",\"drillFilterOtherVisuals\":true,\"objects\":{\"fill\":[{\"properties\":{\"show\":{\"expr\":{\"Literal\":{\"Value\":\"false\"}}}}},{\"properties\":{\"fillColor\":{\"solid\":{\"color\":{\"expr\":{\"Literal\":{\"Value\":\"'#73361c'\"}}}}}},\"selector\":{\"id\":\"selected\"}}],\"outline\":[{\"properties\":{\"show\":{\"expr\":{\"Literal\":{\"Value\":\"false\"}}}}},{\"properties\":{\"transparency\":{\"expr\":{\"Literal\":{\"Value\":\"0D\"}}}},\"selector\":{\"id\":\"selected\"}}],\"text\":[{\"properties\":{\"fontColor\":{\"solid\":{\"color\":{\"expr\":{\"ThemeDataColor\":{\"ColorId\":0,\"Percent\":0}}}}},\"bold\":{\"expr\":{\"Literal\":{\"Value\":\"true\"}}}},\"selector\":{\"id\":\"default\"}},{\"properties\":{\"fontSize\":{\"expr\":{\"Literal\":{\"Value\":\"15D\"}}},\"fontColor\":{\"solid\":{\"color\":{\"expr\":{\"ThemeDataColor\":{\"ColorId\":1,\"Percent\":0}}}}}},\"selector\":{\"id\":\"selected\"}}],\"accentBar\":[{\"properties\":{\"show\":{\"expr\":{\"Literal\":{\"Value\":\"true\"}}},\"position\":{\"expr\":{\"Literal\":{\"Value\":\"'Bottom'\"}}}},\"selector\":{\"id\":\"selected\"}}]}},\"howCreated\":\"InsertVisualButton\"}",
          "filters": "[]",
          "height": 49.96,
          "width": 395.27,
          "x": 0.00,
          "y": 8.82,
          "z": 12002.00
        },
        {
          "config": "{\"name\":\"a4cde27345666e84d74c\",\"layouts\":[{\"id\":0,\"position\":{\"x\":0,\"y\":0,\"z\":0,\"width\":1279.8367346938776,\"height\":67.59183673469387,\"tabOrder\":0}}],\"singleVisual\":{\"visualType\":\"shape\",\"drillFilterOtherVisuals\":true,\"objects\":{\"shape\":[{\"properties\":{\"tileShape\":{\"expr\":{\"Literal\":{\"Value\":\"'rectangle'\"}}}}}],\"rotation\":[{\"properties\":{\"shapeAngle\":{\"expr\":{\"Literal\":{\"Value\":\"0L\"}}}}}],\"outline\":[{\"properties\":{\"show\":{\"expr\":{\"Literal\":{\"Value\":\"false\"}}}}}],\"fill\":[{\"properties\":{\"fillColor\":{\"solid\":{\"color\":{\"expr\":{\"ThemeDataColor\":{\"ColorId\":4,\"Percent\":0.2}}}}}},\"selector\":{\"id\":\"default\"}}],\"text\":[{\"properties\":{\"show\":{\"expr\":{\"Literal\":{\"Value\":\"true\"}}}}},{\"properties\":{\"text\":{\"expr\":{\"Literal\":{\"Value\":\"'Attrition Report'\"}}},\"bold\":{\"expr\":{\"Literal\":{\"Value\":\"true\"}}},\"fontSize\":{\"expr\":{\"Literal\":{\"Value\":\"30D\"}}}},\"selector\":{\"id\":\"default\"}}]}},\"howCreated\":\"InsertVisualButton\"}",
          "filters": "[]",
          "height": 67.59,
          "width": 1279.84,
          "x": 0.00,
          "y": 0.00,
          "z": 0.00
        },
        {
          "config": "{\"name\":\"d3728c47467da687a040\",\"layouts\":[{\"id\":0,\"position\":{\"x\":475.3805774278215,\"y\":78.9501312335958,\"z\":2000,\"width\":253.6482939632546,\"height\":107.50656167979002,\"tabOrder\":2000}}],\"singleVisual\":{\"visualType\":\"card\",\"projections\":{\"Values\":[{\"queryRef\":\"Sum(WA_Fn-UseC_-HR-Employee-Attrition.EmployeeCount)\"}]},\"prototypeQuery\":{\"Version\":2,\"From\":[{\"Name\":\"w\",\"Entity\":\"WA_Fn-UseC_-HR-Employee-Attrition\",\"Type\":0}],\"Select\":[{\"Aggregation\":{\"Expression\":{\"Column\":{\"Expression\":{\"SourceRef\":{\"Source\":\"w\"}},\"Property\":\"EmployeeCount\"}},\"Function\":0},\"Name\":\"Sum(WA_Fn-UseC_-HR-Employee-Attrition.EmployeeCount)\",\"NativeReferenceName\":\"Sum of EmployeeCount\"}],\"OrderBy\":[{\"Direction\":2,\"Expression\":{\"Aggregation\":{\"Expression\":{\"Column\":{\"Expression\":{\"SourceRef\":{\"Source\":\"w\"}},\"Property\":\"EmployeeCount\"}},\"Function\":0}}}]},\"drillFilterOtherVisuals\":true,\"hasDefaultSort\":true,\"objects\":{\"categoryLabels\":[{\"properties\":{\"show\":{\"expr\":{\"Literal\":{\"Value\":\"false\"}}}}}]},\"vcObjects\":{\"title\":[{\"properties\":{\"show\":{\"expr\":{\"Literal\":{\"Value\":\"true\"}}},\"text\":{\"expr\":{\"Literal\":{\"Value\":\"'Resigned Employees'\"}}},\"fontSize\":{\"expr\":{\"Literal\":{\"Value\":\"16D\"}}},\"bold\":{\"expr\":{\"Literal\":{\"Value\":\"true\"}}},\"alignment\":{\"expr\":{\"Literal\":{\"Value\":\"'center'\"}}},\"background\":{\"solid\":{\"color\":{\"expr\":{\"Literal\":{\"Value\":\"'#eb895f'\"}}}}}}}]}}}",
          "filters": "[{\"name\":\"8bfd268da0338ad2de0c\",\"expression\":{\"Column\":{\"Expression\":{\"SourceRef\":{\"Entity\":\"WA_Fn-UseC_-HR-Employee-Attrition\"}},\"Property\":\"Attrition\"}},\"filter\":{\"Version\":2,\"From\":[{\"Name\":\"w\",\"Entity\":\"WA_Fn-UseC_-HR-Employee-Attrition\",\"Type\":0}],\"Where\":[{\"Condition\":{\"In\":{\"Expressions\":[{\"Column\":{\"Expression\":{\"SourceRef\":{\"Source\":\"w\"}},\"Property\":\"Attrition\"}}],\"Values\":[[{\"Literal\":{\"Value\":\"'Yes'\"}}]]}}}]},\"type\":\"Categorical\",\"howCreated\":1,\"objects\":{}}]",
          "height": 107.51,
          "width": 253.65,
          "x": 475.38,
          "y": 78.95,
          "z": 2000.00
        },
        {
          "config": "{\"name\":\"dc836d568e7107e85d27\",\"layouts\":[{\"id\":0,\"position\":{\"x\":1016.272965879265,\"y\":78.9501312335958,\"z\":4000,\"width\":253.6482939632546,\"height\":107.50656167979002,\"tabOrder\":4000}}],\"singleVisual\":{\"visualType\":\"card\",\"projections\":{\"Values\":[{\"queryRef\":\"WA_Fn-UseC_-HR-Employee-Attrition.Attrition Rate\"}]},\"prototypeQuery\":{\"Version\":2,\"From\":[{\"Name\":\"w\",\"Entity\":\"WA_Fn-UseC_-HR-Employee-Attrition\",\"Type\":0}],\"Select\":[{\"Measure\":{\"Expression\":{\"SourceRef\":{\"Source\":\"w\"}},\"Property\":\"Attrition Rate\"},\"Name\":\"WA_Fn-UseC_-HR-Employee-Attrition.Attrition Rate\",\"NativeReferenceName\":\"Attrition Rate\"}],\"OrderBy\":[{\"Direction\":2,\"Expression\":{\"Measure\":{\"Expression\":{\"SourceRef\":{\"Source\":\"w\"}},\"Property\":\"Attrition Rate\"}}}]},\"columnProperties\":{\"WA_Fn-UseC_-HR-Employee-Attrition.Attrition Rate\":{\"formatString\":\"0.00%;-0.00%;0.00%\"}},\"drillFilterOtherVisuals\":true,\"hasDefaultSort\":true,\"objects\":{\"categoryLabels\":[{\"properties\":{\"show\":{\"expr\":{\"Literal\":{\"Value\":\"false\"}}}}}]},\"vcObjects\":{\"title\":[{\"properties\":{\"show\":{\"expr\":{\"Literal\":{\"Value\":\"true\"}}},\"text\":{\"expr\":{\"Literal\":{\"Value\":\"'Attrition Rate'\"}}},\"bold\":{\"expr\":{\"Literal\":{\"Value\":\"true\"}}},\"fontSize\":{\"expr\":{\"Literal\":{\"Value\":\"16D\"}}},\"background\":{\"solid\":{\"color\":{\"expr\":{\"Literal\":{\"Value\":\"'#eb895f'\"}}}}},\"alignment\":{\"expr\":{\"Literal\":{\"Value\":\"'center'\"}}}}}]}}}",
          "filters": "[{\"expression\":{\"Arithmetic\":{\"Left\":{\"Measure\":{\"Expression\":{\"SourceRef\":{\"Entity\":\"WA_Fn-UseC_-HR-Employee-Attrition\"}},\"Property\":\"Attrition Rate\"}},\"Right\":{\"ScopedEval\":{\"Expression\":{\"Measure\":{\"Expression\":{\"SourceRef\":{\"Entity\":\"WA_Fn-UseC_-HR-Employee-Attrition\"}},\"Property\":\"Attrition Rate\"}},\"Scope\":[]}},\"Operator\":3}},\"type\":\"Advanced\",\"howCreated\":1,\"isHiddenInViewMode\":false}]",
          "height": 107.51,
          "width": 253.65,
          "x": 1016.27,
          "y": 78.95,
          "z": 4000.00
        },
        {
          "config": "{\"name\":\"fa8ce87b4b61e04d8ce5\",\"layouts\":[{\"id\":0,\"position\":{\"x\":0,\"y\":192.48979591836735,\"z\":7000,\"width\":198.3673469387755,\"height\":92.57142857142857,\"tabOrder\":7000}}],\"singleVisual\":{\"visualType\":\"slicer\",\"projections\":{\"Values\":[{\"queryRef\":\"WA_Fn-UseC_-HR-Employee-Attrition.Gender\",\"active\":true}]},\"prototypeQuery\":{\"Version\":2,\"From\":[{\"Name\":\"w\",\"Entity\":\"WA_Fn-UseC_-HR-Employee-Attrition\",\"Type\":0}],\"Select\":[{\"Column\":{\"Expression\":{\"SourceRef\":{\"Source\":\"w\"}},\"Property\":\"Gender\"},\"Name\":\"WA_Fn-UseC_-HR-Employee-Attrition.Gender\",\"NativeReferenceName\":\"Gender\"}]},\"drillFilterOtherVisuals\":true,\"objects\":{\"data\":[{\"properties\":{\"mode\":{\"expr\":{\"Literal\":{\"Value\":\"'Basic'\"}}}}}],\"general\":[{\"properties\":{}}]}}}",
          "filters": "[]",
          "height": 92.57,
          "width": 198.37,
          "x": 0.00,
          "y": 192.49,
          "z": 7000.00
        },
        {
          "config": "{\"name\":\"fc40723c5de27502c91c\",\"layouts\":[{\"id\":0,\"position\":{\"x\":0,\"y\":549.5510204081633,\"z\":10000,\"width\":198.3673469387755,\"height\":170.44897959183672,\"tabOrder\":10000}}],\"singleVisual\":{\"visualType\":\"slicer\",\"projections\":{\"Values\":[{\"queryRef\":\"WA_Fn-UseC_-HR-Employee-Attrition.JobRole\",\"active\":true}]},\"prototypeQuery\":{\"Version\":2,\"From\":[{\"Name\":\"w\",\"Entity\":\"WA_Fn-UseC_-HR-Employee-Attrition\",\"Type\":0}],\"Select\":[{\"Column\":{\"Expression\":{\"SourceRef\":{\"Source\":\"w\"}},\"Property\":\"JobRole\"},\"Name\":\"WA_Fn-UseC_-HR-Employee-Attrition.JobRole\",\"NativeReferenceName\":\"JobRole\"}]},\"drillFilterOtherVisuals\":true,\"objects\":{\"data\":[{\"properties\":{\"mode\":{\"expr\":{\"Literal\":{\"Value\":\"'Basic'\"}}}}}],\"general\":[{\"properties\":{\"orientation\":{\"expr\":{\"Literal\":{\"Value\":\"0D\"}}}}}]}}}",
          "filters": "[]",
          "height": 170.45,
          "width": 198.37,
          "x": 0.00,
          "y": 549.55,
          "z": 10000.00
        }
      ],
      "width": 1280.00
    },
    {
      "config": "{\"objects\":{\"displayArea\":[{\"properties\":{\"verticalAlignment\":{\"expr\":{\"Literal\":{\"Value\":\"'Middle'\"}}}}}],\"background\":[{\"properties\":{\"color\":{\"solid\":{\"color\":{\"expr\":{\"ThemeDataColor\":{\"ColorId\":0,\"Percent\":-0.5}}}}},\"transparency\":{\"expr\":{\"Literal\":{\"Value\":\"76D\"}}}}}]}}",
      "displayName": "Personal",
      "displayOption": 1,
      "filters": "[]",
      "height": 720.00,
      "name": "62b40b50d410ba59dbb9",
      "visualContainers": [
        {
          "config": "{\"name\":\"11f522302205b2506bb1\",\"layouts\":[{\"id\":0,\"position\":{\"x\":0,\"y\":192.48979591836735,\"z\":9000,\"width\":198.3673469387755,\"height\":92.57142857142857,\"tabOrder\":9000}}],\"singleVisual\":{\"visualType\":\"slicer\",\"projections\":{\"Values\":[{\"queryRef\":\"WA_Fn-UseC_-HR-Employee-Attrition.Gender\",\"active\":true}]},\"prototypeQuery\":{\"Version\":2,\"From\":[{\"Name\":\"w\",\"Entity\":\"WA_Fn-UseC_-HR-Employee-Attrition\",\"Type\":0}],\"Select\":[{\"Column\":{\"Expression\":{\"SourceRef\":{\"Source\":\"w\"}},\"Property\":\"Gender\"},\"Name\":\"WA_Fn-UseC_-HR-Employee-Attrition.Gender\",\"NativeReferenceName\":\"Gender\"}]},\"drillFilterOtherVisuals\":true,\"objects\":{\"data\":[{\"properties\":{\"mode\":{\"expr\":{\"Literal\":{\"Value\":\"'Basic'\"}}}}}],\"general\":[{\"properties\":{}}]}}}",
          "filters": "[]",
          "height": 92.57,
          "width": 198.37,
          "x": 0.00,
          "y": 192.49,
          "z": 9000.00
        },
        {
          "config": "{\"name\":\"12e9e4cfb58400008a71\",\"layouts\":[{\"id\":0,\"position\":{\"x\":210.12244897959184,\"y\":192.48979591836735,\"z\":8000,\"width\":374.6938775510204,\"height\":254.20408163265304,\"tabOrder\":8000}}],\"singleVisual\":{\"visualType\":\"pieChart\",\"projections\":{\"Category\":[{\"queryRef\":\"WA_Fn-UseC_-HR-Employee-Attrition.MaritalStatus\",\"active\":true}],\"Y\":[{\"queryRef\":\"CountNonNull(WA_Fn-UseC_-HR-Employee-Attrition.Attrition)\"}]},\"prototypeQuery\":{\"Version\":2,\"From\":[{\"Name\":\"w\",\"Entity\":\"WA_Fn-UseC_-HR-Employee-Attrition\",\"Type\":0}],\"Select\":[{\"Aggregation\":{\"Expression\":{\"Column\":{\"Expression\":{\"SourceRef\":{\"Source\":\"w\"}},\"Property\":\"Attrition\"}},\"Function\":5},\"Name\":\"CountNonNull(WA_Fn-UseC_-HR-Employee-Attrition.Attrition)\",\"NativeReferenceName\":\"Count of Attrition\"},{\"Column\":{\"Expression\":{\"SourceRef\":{\"Source\":\"w\"}},\"Property\":\"MaritalStatus\"},\"Name\":\"WA_Fn-UseC_-HR-Employee-Attrition.MaritalStatus\",\"NativeReferenceName\":\"MaritalStatus\"}],\"OrderBy\":[{\"Direction\":2,\"Expression\":{\"Aggregation\":{\"Expression\":{\"Column\":{\"Expression\":{\"SourceRef\":{\"Source\":\"w\"}},\"Property\":\"Attrition\"}},\"Function\":5}}}]},\"drillFilterOtherVisuals\":true,\"hasDefaultSort\":true,\"objects\":{\"labels\":[{\"properties\":{\"show\":{\"expr\":{\"Literal\":{\"Value\":\"true\"}}}}}],\"dataPoint\":[{\"properties\":{\"fill\":{\"solid\":{\"color\":{\"expr\":{\"ThemeDataColor\":{\"ColorId\":4,\"Percent\":-0.5}}}}}}},{\"properties\":{\"fill\":{\"solid\":{\"color\":{\"expr\":{\"ThemeDataColor\":{\"ColorId\":4,\"Percent\":0.2}}}}}},\"selector\":{\"data\":[{\"scopeId\":{\"Comparison\":{\"ComparisonKind\":0,\"Left\":{\"Column\":{\"Expression\":{\"SourceRef\":{\"Entity\":\"WA_Fn-UseC_-HR-Employee-Attrition\"}},\"Property\":\"MaritalStatus\"}},\"Right\":{\"Literal\":{\"Value\":\"'Single'\"}}}}}]}},{\"properties\":{\"fill\":{\"solid\":{\"color\":{\"expr\":{\"ThemeDataColor\":{\"ColorId\":4,\"Percent\":-0.5}}}}}},\"selector\":{\"data\":[{\"scopeId\":{\"Comparison\":{\"ComparisonKind\":0,\"Left\":{\"Column\":{\"Expression\":{\"SourceRef\":{\"Entity\":\"WA_Fn-UseC_-HR-Employee-Attrition\"}},\"Property\":\"MaritalStatus\"}},\"Right\":{\"Literal\":{\"Value\":\"'Married'\"}}}}}]}},{\"properties\":{\"fill\":{\"solid\":{\"color\":{\"expr\":{\"Literal\":{\"Value\":\"'#FF8800'\"}}}}}},\"selector\":{\"data\":[{\"scopeId\":{\"Comparison\":{\"ComparisonKind\":0,\"Left\":{\"Column\":{\"Expression\":{\"SourceRef\":{\"Entity\":\"WA_Fn-UseC_-HR-Employee-Attrition\"}},\"Property\":\"MaritalStatus\"}},\"Right\":{\"Literal\":{\"Value\":\"'Divorced'\"}}}}}]}}]},\"vcObjects\":{\"title\":[{\"properties\":{\"text\":{\"expr\":{\"Literal\":{\"Value\":\"'Attrition  by Marital Status '\"}}}}}]}}}",
          "filters": "[{\"name\":\"d4a86d4fd5bb77b4423d\",\"expression\":{\"Column\":{\"Expression\":{\"SourceRef\":{\"Entity\":\"WA_Fn-UseC_-HR-Employee-Attrition\"}},\"Property\":\"Attrition\"}},\"filter\":{\"Version\":2,\"From\":[{\"Name\":\"w\",\"Entity\":\"WA_Fn-UseC_-HR-Employee-Attrition\",\"Type\":0}],\"Where\":[{\"Condition\":{\"In\":{\"Expressions\":[{\"Column\":{\"Expression\":{\"SourceRef\":{\"Source\":\"w\"}},\"Property\":\"Attrition\"}}],\"Values\":[[{\"Literal\":{\"Value\":\"'Yes'\"}}]]}}}]},\"type\":\"Categorical\",\"howCreated\":1,\"objects\":{}}]",
          "height": 254.20,
          "width": 374.69,
          "x": 210.12,
          "y": 192.49,
          "z": 8000.00
        },
        {
          "config": "{\"name\":\"1316326877c1179c6465\",\"layouts\":[{\"id\":0,\"position\":{\"x\":744.1469816272966,\"y\":78.9501312335958,\"z\":3000,\"width\":260.36745406824144,\"height\":107.50656167979002,\"tabOrder\":3000}}],\"singleVisual\":{\"visualType\":\"card\",\"projections\":{\"Values\":[{\"queryRef\":\"Sum(WA_Fn-UseC_-HR-Employee-Attrition.EmployeeCount)\"}]},\"prototypeQuery\":{\"Version\":2,\"From\":[{\"Name\":\"w\",\"Entity\":\"WA_Fn-UseC_-HR-Employee-Attrition\",\"Type\":0}],\"Select\":[{\"Aggregation\":{\"Expression\":{\"Column\":{\"Expression\":{\"SourceRef\":{\"Source\":\"w\"}},\"Property\":\"EmployeeCount\"}},\"Function\":0},\"Name\":\"Sum(WA_Fn-UseC_-HR-Employee-Attrition.EmployeeCount)\",\"NativeReferenceName\":\"Sum of EmployeeCount\"}],\"OrderBy\":[{\"Direction\":2,\"Expression\":{\"Aggregation\":{\"Expression\":{\"Column\":{\"Expression\":{\"SourceRef\":{\"Source\":\"w\"}},\"Property\":\"EmployeeCount\"}},\"Function\":0}}}]},\"drillFilterOtherVisuals\":true,\"hasDefaultSort\":true,\"objects\":{\"categoryLabels\":[{\"properties\":{\"show\":{\"expr\":{\"Literal\":{\"Value\":\"false\"}}}}}]},\"vcObjects\":{\"title\":[{\"properties\":{\"show\":{\"expr\":{\"Literal\":{\"Value\":\"true\"}}},\"text\":{\"expr\":{\"Literal\":{\"Value\":\"'Current Employees'\"}}},\"fontSize\":{\"expr\":{\"Literal\":{\"Value\":\"16D\"}}},\"bold\":{\"expr\":{\"Literal\":{\"Value\":\"true\"}}},\"background\":{\"solid\":{\"color\":{\"expr\":{\"Literal\":{\"Value\":\"'#eb895f'\"}}}}},\"alignment\":{\"expr\":{\"Literal\":{\"Value\":\"'center'\"}}}}}]}}}",
          "filters": "[{\"name\":\"b6be29d9a3014e907aec\",\"expression\":{\"Column\":{\"Expression\":{\"SourceRef\":{\"Entity\":\"WA_Fn-UseC_-HR-Employee-Attrition\"}},\"Property\":\"Attrition\"}},\"filter\":{\"Version\":2,\"From\":[{\"Name\":\"w\",\"Entity\":\"WA_Fn-UseC_-HR-Employee-Attrition\",\"Type\":0}],\"Where\":[{\"Condition\":{\"In\":{\"Expressions\":[{\"Column\":{\"Expression\":{\"SourceRef\":{\"Source\":\"w\"}},\"Property\":\"Attrition\"}}],\"Values\":[[{\"Literal\":{\"Value\":\"'No'\"}}]]}}}]},\"type\":\"Categorical\",\"howCreated\":1,\"objects\":{}}]",
          "height": 107.51,
          "width": 260.37,
          "x": 744.15,
          "y": 78.95,
          "z": 3000.00
        },
        {
          "config": "{\"name\":\"45574f10e1454eb49ebb\",\"layouts\":[{\"id\":0,\"position\":{\"x\":210.12244897959184,\"y\":455.51020408163265,\"z\":7000,\"width\":374.6938775510204,\"height\":264.48979591836735,\"tabOrder\":7000}}],\"singleVisual\":{\"visualType\":\"clusteredColumnChart\",\"projections\":{\"Category\":[{\"queryRef\":\"WA_Fn-UseC_-HR-Employee-Attrition.WorkLifeBalance\",\"active\":true}],\"Y\":[{\"queryRef\":\"CountNonNull(WA_Fn-UseC_-HR-Employee-Attrition.Attrition)\"}]},\"prototypeQuery\":{\"Version\":2,\"From\":[{\"Name\":\"w\",\"Entity\":\"WA_Fn-UseC_-HR-Employee-Attrition\",\"Type\":0}],\"Select\":[{\"Column\":{\"Expression\":{\"SourceRef\":{\"Source\":\"w\"}},\"Property\":\"WorkLifeBalance\"},\"Name\":\"WA_Fn-UseC_-HR-Employee-Attrition.WorkLifeBalance\",\"NativeReferenceName\":\"WorkLifeBalance\"},{\"Aggregation\":{\"Expression\":{\"Column\":{\"Expression\":{\"SourceRef\":{\"Source\":\"w\"}},\"Property\":\"Attrition\"}},\"Function\":5},\"Name\":\"CountNonNull(WA_Fn-UseC_-HR-Employee-Attrition.Attrition)\",\"NativeReferenceName\":\"Count of Attrition\"}],\"OrderBy\":[{\"Direction\":2,\"Expression\":{\"Aggregation\":{\"Expression\":{\"Column\":{\"Expression\":{\"SourceRef\":{\"Source\":\"w\"}},\"Property\":\"Attrition\"}},\"Function\":5}}}]},\"drillFilterOtherVisuals\":true,\"hasDefaultSort\":true,\"objects\":{\"labels\":[{\"properties\":{\"show\":{\"expr\":{\"Literal\":{\"Value\":\"true\"}}}}}],\"dataPoint\":[{\"properties\":{\"fill\":{\"solid\":{\"color\":{\"expr\":{\"ThemeDataColor\":{\"ColorId\":4,\"Percent\":-0.5}}}}}}}]},\"vcObjects\":{\"title\":[{\"properties\":{\"text\":{\"expr\":{\"Literal\":{\"Value\":\"'Attrition by WorkLifeBalance'\"}}}}}]}}}",
          "filters": "[{\"name\":\"1ea65ba5839292d606a1\",\"expression\":{\"Column\":{\"Expression\":{\"SourceRef\":{\"Entity\":\"WA_Fn-UseC_-HR-Employee-Attrition\"}},\"Property\":\"Attrition\"}},\"filter\":{\"Version\":2,\"From\":[{\"Name\":\"w\",\"Entity\":\"WA_Fn-UseC_-HR-Employee-Attrition\",\"Type\":0}],\"Where\":[{\"Condition\":{\"In\":{\"Expressions\":[{\"Column\":{\"Expression\":{\"SourceRef\":{\"Source\":\"w\"}},\"Property\":\"Attrition\"}}],\"Values\":[[{\"Literal\":{\"Value\":\"'Yes'\"}}]]}}}]},\"type\":\"Categorical\",\"howCreated\":1,\"objects\":{}}]",
          "height": 264.49,
          "width": 374.69,
          "x": 210.12,
          "y": 455.51,
          "z": 7000.00
        },
        {
          "config": "{\"name\":\"7a3df6efc98628eb7063\",\"layouts\":[{\"id\":0,\"position\":{\"x\":1016.272965879265,\"y\":78.9501312335958,\"z\":4000,\"width\":253.6482939632546,\"height\":107.50656167979002,\"tabOrder\":4000}}],\"singleVisual\":{\"visualType\":\"card\",\"projections\":{\"Values\":[{\"queryRef\":\"WA_Fn-UseC_-HR-Employee-Attrition.Attrition Rate\"}]},\"prototypeQuery\":{\"Version\":2,\"From\":[{\"Name\":\"w\",\"Entity\":\"WA_Fn-UseC_-HR-Employee-Attrition\",\"Type\":0}],\"Select\":[{\"Measure\":{\"Expression\":{\"SourceRef\":{\"Source\":\"w\"}},\"Property\":\"Attrition Rate\"},\"Name\":\"WA_Fn-UseC_-HR-Employee-Attrition.Attrition Rate\",\"NativeReferenceName\":\"Attrition Rate\"}],\"OrderBy\":[{\"Direction\":2,\"Expression\":{\"Measure\":{\"Expression\":{\"SourceRef\":{\"Source\":\"w\"}},\"Property\":\"Attrition Rate\"}}}]},\"columnProperties\":{\"WA_Fn-UseC_-HR-Employee-Attrition.Attrition Rate\":{\"formatString\":\"0.00%;-0.00%;0.00%\"}},\"drillFilterOtherVisuals\":true,\"hasDefaultSort\":true,\"objects\":{\"categoryLabels\":[{\"properties\":{\"show\":{\"expr\":{\"Literal\":{\"Value\":\"false\"}}}}}]},\"vcObjects\":{\"title\":[{\"properties\":{\"show\":{\"expr\":{\"Literal\":{\"Value\":\"true\"}}},\"text\":{\"expr\":{\"Literal\":{\"Value\":\"'Attrition Rate'\"}}},\"bold\":{\"expr\":{\"Literal\":{\"Value\":\"true\"}}},\"fontSize\":{\"expr\":{\"Literal\":{\"Value\":\"16D\"}}},\"background\":{\"solid\":{\"color\":{\"expr\":{\"Literal\":{\"Value\":\"'#eb895f'\"}}}}},\"alignment\":{\"expr\":{\"Literal\":{\"Value\":\"'center'\"}}}}}]}}}",
          "filters": "[{\"expression\":{\"Arithmetic\":{\"Left\":{\"Measure\":{\"Expression\":{\"SourceRef\":{\"Entity\":\"WA_Fn-UseC_-HR-Employee-Attrition\"}},\"Property\":\"Attrition Rate\"}},\"Right\":{\"ScopedEval\":{\"Expression\":{\"Measure\":{\"Expression\":{\"SourceRef\":{\"Entity\":\"WA_Fn-UseC_-HR-Employee-Attrition\"}},\"Property\":\"Attrition Rate\"}},\"Scope\":[]}},\"Operator\":3}},\"type\":\"Advanced\",\"howCreated\":1,\"isHiddenInViewMode\":false}]",
          "height": 107.51,
          "width": 253.65,
          "x": 1016.27,
          "y": 78.95,
          "z": 4000.00
        },
        {
          "config": "{\"name\":\"952f850d0e552e9e7085\",\"layouts\":[{\"id\":0,\"position\":{\"x\":475.3805774278215,\"y\":78.9501312335958,\"z\":2000,\"width\":253.6482939632546,\"height\":107.50656167979002,\"tabOrder\":2000}}],\"singleVisual\":{\"visualType\":\"card\",\"projections\":{\"Values\":[{\"queryRef\":\"Sum(WA_Fn-UseC_-HR-Employee-Attrition.EmployeeCount)\"}]},\"prototypeQuery\":{\"Version\":2,\"From\":[{\"Name\":\"w\",\"Entity\":\"WA_Fn-UseC_-HR-Employee-Attrition\",\"Type\":0}],\"Select\":[{\"Aggregation\":{\"Expression\":{\"Column\":{\"Expression\":{\"SourceRef\":{\"Source\":\"w\"}},\"Property\":\"EmployeeCount\"}},\"Function\":0},\"Name\":\"Sum(WA_Fn-UseC_-HR-Employee-Attrition.EmployeeCount)\",\"NativeReferenceName\":\"Sum of EmployeeCount\"}],\"OrderBy\":[{\"Direction\":2,\"Expression\":{\"Aggregation\":{\"Expression\":{\"Column\":{\"Expression\":{\"SourceRef\":{\"Source\":\"w\"}},\"Property\":\"EmployeeCount\"}},\"Function\":0}}}]},\"drillFilterOtherVisuals\":true,\"hasDefaultSort\":true,\"objects\":{\"categoryLabels\":[{\"properties\":{\"show\":{\"expr\":{\"Literal\":{\"Value\":\"false\"}}}}}]},\"vcObjects\":{\"title\":[{\"properties\":{\"show\":{\"expr\":{\"Literal\":{\"Value\":\"true\"}}},\"text\":{\"expr\":{\"Literal\":{\"Value\":\"'Resigned Employees'\"}}},\"fontSize\":{\"expr\":{\"Literal\":{\"Value\":\"16D\"}}},\"bold\":{\"expr\":{\"Literal\":{\"Value\":\"true\"}}},\"alignment\":{\"expr\":{\"Literal\":{\"Value\":\"'center'\"}}},\"background\":{\"solid\":{\"color\":{\"expr\":{\"Literal\":{\"Value\":\"'#eb895f'\"}}}}}}}]}}}",
          "filters": "[{\"name\":\"8bfd268da0338ad2de0c\",\"expression\":{\"Column\":{\"Expression\":{\"SourceRef\":{\"Entity\":\"WA_Fn-UseC_-HR-Employee-Attrition\"}},\"Property\":\"Attrition\"}},\"filter\":{\"Version\":2,\"From\":[{\"Name\":\"w\",\"Entity\":\"WA_Fn-UseC_-HR-Employee-Attrition\",\"Type\":0}],\"Where\":[{\"Condition\":{\"In\":{\"Expressions\":[{\"Column\":{\"Expression\":{\"SourceRef\":{\"Source\":\"w\"}},\"Property\":\"Attrition\"}}],\"Values\":[[{\"Literal\":{\"Value\":\"'Yes'\"}}]]}}}]},\"type\":\"Categorical\",\"howCreated\":1,\"objects\":{}}]",
          "height": 107.51,
          "width": 253.65,
          "x": 475.38,
          "y": 78.95,
          "z": 2000.00
        },
        {
          "config": "{\"name\":\"962b6763484c37dee1be\",\"layouts\":[{\"id\":0,\"position\":{\"x\":0,\"y\":295.3469387755102,\"z\":10000,\"width\":198.3673469387755,\"height\":116.08163265306122,\"tabOrder\":10000}}],\"singleVisual\":{\"visualType\":\"slicer\",\"projections\":{\"Values\":[{\"queryRef\":\"WA_Fn-UseC_-HR-Employee-Attrition.MaritalStatus\",\"active\":true}]},\"prototypeQuery\":{\"Version\":2,\"From\":[{\"Name\":\"w\",\"Entity\":\"WA_Fn-UseC_-HR-Employee-Attrition\",\"Type\":0}],\"Select\":[{\"Column\":{\"Expression\":{\"SourceRef\":{\"Source\":\"w\"}},\"Property\":\"MaritalStatus\"},\"Name\":\"WA_Fn-UseC_-HR-Employee-Attrition.MaritalStatus\",\"NativeReferenceName\":\"MaritalStatus\"}]},\"drillFilterOtherVisuals\":true,\"objects\":{\"data\":[{\"properties\":{\"mode\":{\"expr\":{\"Literal\":{\"Value\":\"'Basic'\"}}}}}],\"general\":[{\"properties\":{}}]}}}",
          "filters": "[]",
          "height": 116.08,
          "width": 198.37,
          "x": 0.00,
          "y": 295.35,
          "z": 10000.00
        },
        {
          "config": "{\"name\":\"97f0587bd14464be4edb\",\"layouts\":[{\"id\":0,\"position\":{\"x\":0,\"y\":421.7142857142857,\"z\":11000,\"width\":198.3673469387755,\"height\":116.08163265306122,\"tabOrder\":11000}}],\"singleVisual\":{\"visualType\":\"slicer\",\"projections\":{\"Values\":[{\"queryRef\":\"WA_Fn-UseC_-HR-Employee-Attrition.Department\",\"active\":true}]},\"prototypeQuery\":{\"Version\":2,\"From\":[{\"Name\":\"w\",\"Entity\":\"WA_Fn-UseC_-HR-Employee-Attrition\",\"Type\":0}],\"Select\":[{\"Column\":{\"Expression\":{\"SourceRef\":{\"Source\":\"w\"}},\"Property\":\"Department\"},\"Name\":\"WA_Fn-UseC_-HR-Employee-Attrition.Department\",\"NativeReferenceName\":\"Department\"}]},\"drillFilterOtherVisuals\":true,\"objects\":{\"data\":[{\"properties\":{\"mode\":{\"expr\":{\"Literal\":{\"Value\":\"'Basic'\"}}}}}]}}}",
          "filters": "[]",
          "height": 116.08,
          "width": 198.37,
          "x": 0.00,
          "y": 421.71,
          "z": 11000.00
        },
        {
          "config": "{\"name\":\"a2e5358ea78eeb227dca\",\"layouts\":[{\"id\":0,\"position\":{\"x\":0,\"y\":0,\"z\":0,\"width\":1279.8367346938776,\"height\":67.59183673469387,\"tabOrder\":0}}],\"singleVisual\":{\"visualType\":\"shape\",\"drillFilterOtherVisuals\":true,\"objects\":{\"shape\":[{\"properties\":{\"tileShape\":{\"expr\":{\"Literal\":{\"Value\":\"'rectangle'\"}}}}}],\"rotation\":[{\"properties\":{\"shapeAngle\":{\"expr\":{\"Literal\":{\"Value\":\"0L\"}}}}}],\"outline\":[{\"properties\":{\"show\":{\"expr\":{\"Literal\":{\"Value\":\"false\"}}}}}],\"fill\":[{\"properties\":{\"fillColor\":{\"solid\":{\"color\":{\"expr\":{\"ThemeDataColor\":{\"ColorId\":4,\"Percent\":0.2}}}}}},\"selector\":{\"id\":\"default\"}}],\"text\":[{\"properties\":{\"show\":{\"expr\":{\"Literal\":{\"Value\":\"true\"}}}}},{\"properties\":{\"text\":{\"expr\":{\"Literal\":{\"Value\":\"'Attrition Report'\"}}},\"bold\":{\"expr\":{\"Literal\":{\"Value\":\"true\"}}},\"fontSize\":{\"expr\":{\"Literal\":{\"Value\":\"26D\"}}},\"horizontalAlignment\":{\"expr\":{\"Literal\":{\"Value\":\"'center'\"}}}},\"selector\":{\"id\":\"default\"}}]}},\"howCreated\":\"InsertVisualButton\"}",
          "filters": "[]",
          "height": 67.59,
          "width": 1279.84,
          "x": 0.00,
          "y": 0.00,
          "z": 0.00
        },
        {
          "config": "{\"name\":\"bb59d462added993ec36\",\"layouts\":[{\"id\":0,\"position\":{\"x\":598.0408163265306,\"y\":192.48979591836735,\"z\":5000,\"width\":671.5102040816327,\"height\":254.20408163265304,\"tabOrder\":5000}}],\"singleVisual\":{\"visualType\":\"lineChart\",\"projections\":{\"Category\":[{\"queryRef\":\"WA_Fn-UseC_-HR-Employee-Attrition.Age\",\"active\":true}],\"Y\":[{\"queryRef\":\"CountNonNull(WA_Fn-UseC_-HR-Employee-Attrition.Attrition)\"}]},\"prototypeQuery\":{\"Version\":2,\"From\":[{\"Name\":\"w\",\"Entity\":\"WA_Fn-UseC_-HR-Employee-Attrition\",\"Type\":0}],\"Select\":[{\"Column\":{\"Expression\":{\"SourceRef\":{\"Source\":\"w\"}},\"Property\":\"Age\"},\"Name\":\"WA_Fn-UseC_-HR-Employee-Attrition.Age\",\"NativeReferenceName\":\"Count of Age1\"},{\"Aggregation\":{\"Expression\":{\"Column\":{\"Expression\":{\"SourceRef\":{\"Source\":\"w\"}},\"Property\":\"Attrition\"}},\"Function\":5},\"Name\":\"CountNonNull(WA_Fn-UseC_-HR-Employee-Attrition.Attrition)\",\"NativeReferenceName\":\"Count of Attrition\"}],\"OrderBy\":[{\"Direction\":2,\"Expression\":{\"Aggregation\":{\"Expression\":{\"Column\":{\"Expression\":{\"SourceRef\":{\"Source\":\"w\"}},\"Property\":\"Attrition\"}},\"Function\":5}}}]},\"drillFilterOtherVisuals\":true,\"hasDefaultSort\":true,\"objects\":{\"labels\":[{\"properties\":{\"show\":{\"expr\":{\"Literal\":{\"Value\":\"false\"}}}}}],\"dataPoint\":[{\"properties\":{\"fill\":{\"solid\":{\"color\":{\"expr\":{\"ThemeDataColor\":{\"ColorId\":4,\"Percent\":-0.5}}}}}}},{\"properties\":{\"fill\":{\"solid\":{\"color\":{\"expr\":{\"Literal\":{\"Value\":\"'#73361c'\"}}}}}},\"selector\":{\"metadata\":\"CountNonNull(WA_Fn-UseC_-HR-Employee-Attrition.Attrition)\"}}],\"lineStyles\":[{\"properties\":{\"showMarker\":{\"expr\":{\"Literal\":{\"Value\":\"true\"}}}}}]},\"vcObjects\":{\"title\":[{\"properties\":{\"text\":{\"expr\":{\"Literal\":{\"Value\":\"'Attrition by Age'\"}}}}}]}}}",
          "filters": "[{\"name\":\"34b62d36b88d28b85449\",\"expression\":{\"Column\":{\"Expression\":{\"SourceRef\":{\"Entity\":\"WA_Fn-UseC_-HR-Employee-Attrition\"}},\"Property\":\"Attrition\"}},\"filter\":{\"Version\":2,\"From\":[{\"Name\":\"w\",\"Entity\":\"WA_Fn-UseC_-HR-Employee-Attrition\",\"Type\":0}],\"Where\":[{\"Condition\":{\"In\":{\"Expressions\":[{\"Column\":{\"Expression\":{\"SourceRef\":{\"Source\":\"w\"}},\"Property\":\"Attrition\"}}],\"Values\":[[{\"Literal\":{\"Value\":\"'Yes'\"}}]]}}}]},\"type\":\"Categorical\",\"howCreated\":1,\"objects\":{}}]",
          "height": 254.20,
          "width": 671.51,
          "x": 598.04,
          "y": 192.49,
          "z": 5000.00
        },
        {
          "config": "{\"name\":\"c4aa05970404d69d8c91\",\"layouts\":[{\"id\":0,\"position\":{\"x\":0,\"y\":8.816326530612244,\"z\":13001,\"width\":395.265306122449,\"height\":49.95918367346938}}],\"singleVisual\":{\"visualType\":\"pageNavigator\",\"drillFilterOtherVisuals\":true,\"objects\":{\"fill\":[{\"properties\":{\"show\":{\"expr\":{\"Literal\":{\"Value\":\"false\"}}}}},{\"properties\":{\"fillColor\":{\"solid\":{\"color\":{\"expr\":{\"Literal\":{\"Value\":\"'#73361c'\"}}}}}},\"selector\":{\"id\":\"selected\"}}],\"outline\":[{\"properties\":{\"show\":{\"expr\":{\"Literal\":{\"Value\":\"false\"}}}}},{\"properties\":{\"transparency\":{\"expr\":{\"Literal\":{\"Value\":\"0D\"}}}},\"selector\":{\"id\":\"selected\"}}],\"text\":[{\"properties\":{\"fontColor\":{\"solid\":{\"color\":{\"expr\":{\"ThemeDataColor\":{\"ColorId\":0,\"Percent\":0}}}}},\"bold\":{\"expr\":{\"Literal\":{\"Value\":\"true\"}}}},\"selector\":{\"id\":\"default\"}},{\"properties\":{\"fontSize\":{\"expr\":{\"Literal\":{\"Value\":\"15D\"}}},\"fontColor\":{\"solid\":{\"color\":{\"expr\":{\"ThemeDataColor\":{\"ColorId\":1,\"Percent\":0}}}}}},\"selector\":{\"id\":\"selected\"}}],\"accentBar\":[{\"properties\":{\"show\":{\"expr\":{\"Literal\":{\"Value\":\"true\"}}},\"position\":{\"expr\":{\"Literal\":{\"Value\":\"'Bottom'\"}}}},\"selector\":{\"id\":\"selected\"}}]}},\"howCreated\":\"InsertVisualButton\"}",
          "filters": "[]",
          "height": 49.96,
          "width": 395.27,
          "x": 0.00,
          "y": 8.82,
          "z": 13001.00
        },
        {
          "config": "{\"name\":\"d9620136aa7800b53151\",\"layouts\":[{\"id\":0,\"position\":{\"x\":209.9737532808399,\"y\":78.9501312335958,\"z\":1000,\"width\":253.6482939632546,\"height\":107.50656167979002,\"tabOrder\":1000}}],\"singleVisual\":{\"visualType\":\"card\",\"projections\":{\"Values\":[{\"queryRef\":\"Sum(WA_Fn-UseC_-HR-Employee-Attrition.EmployeeCount)\"}]},\"prototypeQuery\":{\"Version\":2,\"From\":[{\"Name\":\"w\",\"Entity\":\"WA_Fn-UseC_-HR-Employee-Attrition\",\"Type\":0}],\"Select\":[{\"Aggregation\":{\"Expression\":{\"Column\":{\"Expression\":{\"SourceRef\":{\"Source\":\"w\"}},\"Property\":\"EmployeeCount\"}},\"Function\":0},\"Name\":\"Sum(WA_Fn-UseC_-HR-Employee-Attrition.EmployeeCount)\",\"NativeReferenceName\":\"Sum of EmployeeCount\"}],\"OrderBy\":[{\"Direction\":2,\"Expression\":{\"Aggregation\":{\"Expression\":{\"Column\":{\"Expression\":{\"SourceRef\":{\"Source\":\"w\"}},\"Property\":\"EmployeeCount\"}},\"Function\":0}}}]},\"drillFilterOtherVisuals\":true,\"hasDefaultSort\":true,\"objects\":{\"categoryLabels\":[{\"properties\":{\"show\":{\"expr\":{\"Literal\":{\"Value\":\"false\"}}}}}]},\"vcObjects\":{\"title\":[{\"properties\":{\"show\":{\"expr\":{\"Literal\":{\"Value\":\"true\"}}},\"text\":{\"expr\":{\"Literal\":{\"Value\":\"'Total Employees'\"}}},\"alignment\":{\"expr\":{\"Literal\":{\"Value\":\"'center'\"}}},\"background\":{\"solid\":{\"color\":{\"expr\":{\"Literal\":{\"Value\":\"'#eb895f'\"}}}}},\"fontSize\":{\"expr\":{\"Literal\":{\"Value\":\"16D\"}}},\"bold\":{\"expr\":{\"Literal\":{\"Value\":\"true\"}}},\"fontColor\":{\"solid\":{\"color\":{\"expr\":{\"ThemeDataColor\":{\"ColorId\":1,\"Percent\":0}}}}}}}]}}}",
          "filters": "[]",
          "height": 107.51,
          "width": 253.65,
          "x": 209.97,
          "y": 78.95,
          "z": 1000.00
        },
        {
          "config": "{\"name\":\"e301c46566aa4dc4375e\",\"layouts\":[{\"id\":0,\"position\":{\"x\":0,\"y\":79.3469387755102,\"z\":13000,\"width\":198.3673469387755,\"height\":107.26530612244898,\"tabOrder\":13000}}],\"singleVisual\":{\"visualType\":\"shape\",\"drillFilterOtherVisuals\":true,\"objects\":{\"shape\":[{\"properties\":{\"tileShape\":{\"expr\":{\"Literal\":{\"Value\":\"'rectangle'\"}}}}}],\"rotation\":[{\"properties\":{\"shapeAngle\":{\"expr\":{\"Literal\":{\"Value\":\"0L\"}}}}}],\"fill\":[{\"properties\":{\"fillColor\":{\"solid\":{\"color\":{\"expr\":{\"Literal\":{\"Value\":\"'#eb895f'\"}}}}}},\"selector\":{\"id\":\"default\"}}],\"text\":[{\"properties\":{\"show\":{\"expr\":{\"Literal\":{\"Value\":\"true\"}}}}},{\"properties\":{\"text\":{\"expr\":{\"Literal\":{\"Value\":\"'Filters'\"}}},\"fontSize\":{\"expr\":{\"Literal\":{\"Value\":\"30D\"}}},\"bold\":{\"expr\":{\"Literal\":{\"Value\":\"true\"}}}},\"selector\":{\"id\":\"default\"}}],\"outline\":[{\"properties\":{\"show\":{\"expr\":{\"Literal\":{\"Value\":\"false\"}}}}}]}},\"howCreated\":\"InsertVisualButton\"}",
          "filters": "[]",
          "height": 107.27,
          "width": 198.37,
          "x": 0.00,
          "y": 79.35,
          "z": 13000.00
        },
        {
          "config": "{\"name\":\"e32605e586dd0a2ea75d\",\"layouts\":[{\"id\":0,\"position\":{\"x\":598.0408163265306,\"y\":455.51020408163265,\"z\":6000,\"width\":671.5102040816327,\"height\":264.48979591836735,\"tabOrder\":6000}}],\"singleVisual\":{\"visualType\":\"lineChart\",\"projections\":{\"Category\":[{\"queryRef\":\"WA_Fn-UseC_-HR-Employee-Attrition.DistanceFromHome\",\"active\":true}],\"Y\":[{\"queryRef\":\"CountNonNull(WA_Fn-UseC_-HR-Employee-Attrition.Attrition)\"}]},\"prototypeQuery\":{\"Version\":2,\"From\":[{\"Name\":\"w\",\"Entity\":\"WA_Fn-UseC_-HR-Employee-Attrition\",\"Type\":0}],\"Select\":[{\"Column\":{\"Expression\":{\"SourceRef\":{\"Source\":\"w\"}},\"Property\":\"DistanceFromHome\"},\"Name\":\"WA_Fn-UseC_-HR-Employee-Attrition.DistanceFromHome\",\"NativeReferenceName\":\"DistanceFromHome\"},{\"Aggregation\":{\"Expression\":{\"Column\":{\"Expression\":{\"SourceRef\":{\"Source\":\"w\"}},\"Property\":\"Attrition\"}},\"Function\":5},\"Name\":\"CountNonNull(WA_Fn-UseC_-HR-Employee-Attrition.Attrition)\",\"NativeReferenceName\":\"Count of Attrition\"}],\"OrderBy\":[{\"Direction\":2,\"Expression\":{\"Aggregation\":{\"Expression\":{\"Column\":{\"Expression\":{\"SourceRef\":{\"Source\":\"w\"}},\"Property\":\"Attrition\"}},\"Function\":5}}}]},\"drillFilterOtherVisuals\":true,\"hasDefaultSort\":true,\"objects\":{\"lineStyles\":[{\"properties\":{\"showMarker\":{\"expr\":{\"Literal\":{\"Value\":\"true\"}}}}}],\"dataPoint\":[{\"properties\":{\"fill\":{\"solid\":{\"color\":{\"expr\":{\"ThemeDataColor\":{\"ColorId\":4,\"Percent\":-0.5}}}}}},\"selector\":{\"metadata\":\"CountNonNull(WA_Fn-UseC_-HR-Employee-Attrition.Attrition)\"}}]},\"vcObjects\":{\"title\":[{\"properties\":{\"text\":{\"expr\":{\"Literal\":{\"Value\":\"'Attrition by DistanceFromHome'\"}}}}}]}}}",
          "filters": "[{\"name\":\"f20529b735c83823bd0d\",\"expression\":{\"Column\":{\"Expression\":{\"SourceRef\":{\"Entity\":\"WA_Fn-UseC_-HR-Employee-Attrition\"}},\"Property\":\"Attrition\"}},\"filter\":{\"Version\":2,\"From\":[{\"Name\":\"w\",\"Entity\":\"WA_Fn-UseC_-HR-Employee-Attrition\",\"Type\":0}],\"Where\":[{\"Condition\":{\"In\":{\"Expressions\":[{\"Column\":{\"Expression\":{\"SourceRef\":{\"Source\":\"w\"}},\"Property\":\"Attrition\"}}],\"Values\":[[{\"Literal\":{\"Value\":\"'Yes'\"}}]]}}}]},\"type\":\"Categorical\",\"howCreated\":1,\"objects\":{}}]",
          "height": 264.49,
          "width": 671.51,
          "x": 598.04,
          "y": 455.51,
          "z": 6000.00
        },
        {
          "config": "{\"name\":\"fd570bb8819951801477\",\"layouts\":[{\"id\":0,\"position\":{\"x\":0,\"y\":549.5510204081633,\"z\":12000,\"width\":198.3673469387755,\"height\":170.44897959183672,\"tabOrder\":12000}}],\"singleVisual\":{\"visualType\":\"slicer\",\"projections\":{\"Values\":[{\"queryRef\":\"WA_Fn-UseC_-HR-Employee-Attrition.JobRole\",\"active\":true}]},\"prototypeQuery\":{\"Version\":2,\"From\":[{\"Name\":\"w\",\"Entity\":\"WA_Fn-UseC_-HR-Employee-Attrition\",\"Type\":0}],\"Select\":[{\"Column\":{\"Expression\":{\"SourceRef\":{\"Source\":\"w\"}},\"Property\":\"JobRole\"},\"Name\":\"WA_Fn-UseC_-HR-Employee-Attrition.JobRole\",\"NativeReferenceName\":\"JobRole\"}]},\"drillFilterOtherVisuals\":true,\"objects\":{\"data\":[{\"properties\":{\"mode\":{\"expr\":{\"Literal\":{\"Value\":\"'Basic'\"}}}}}],\"general\":[{\"properties\":{\"orientation\":{\"expr\":{\"Literal\":{\"Value\":\"0D\"}}}}}]}}}",
          "filters": "[]",
          "height": 170.45,
          "width": 198.37,
          "x": 0.00,
          "y": 549.55,
          "z": 12000.00
        }
      ],
      "width": 1280.00
    },
    {
      "config": "{\"objects\":{\"displayArea\":[{\"properties\":{\"verticalAlignment\":{\"expr\":{\"Literal\":{\"Value\":\"'Middle'\"}}}}}],\"background\":[{\"properties\":{\"color\":{\"solid\":{\"color\":{\"expr\":{\"ThemeDataColor\":{\"ColorId\":0,\"Percent\":-0.5}}}}},\"transparency\":{\"expr\":{\"Literal\":{\"Value\":\"76D\"}}}}}]}}",
      "displayName": "Salary & Years with company and manager",
      "displayOption": 1,
      "filters": "[]",
      "height": 720.00,
      "name": "97df839169898d533176",
      "ordinal": 2,
      "visualContainers": [
        {
          "config": "{\"name\":\"0bafd76c9ac387b88b90\",\"layouts\":[{\"id\":0,\"position\":{\"x\":0,\"y\":8.816326530612244,\"z\":13002,\"width\":395.265306122449,\"height\":49.95918367346938}}],\"singleVisual\":{\"visualType\":\"pageNavigator\",\"drillFilterOtherVisuals\":true,\"objects\":{\"fill\":[{\"properties\":{\"show\":{\"expr\":{\"Literal\":{\"Value\":\"false\"}}}}},{\"properties\":{\"fillColor\":{\"solid\":{\"color\":{\"expr\":{\"Literal\":{\"Value\":\"'#73361c'\"}}}}}},\"selector\":{\"id\":\"selected\"}}],\"outline\":[{\"properties\":{\"show\":{\"expr\":{\"Literal\":{\"Value\":\"false\"}}}}},{\"properties\":{\"transparency\":{\"expr\":{\"Literal\":{\"Value\":\"0D\"}}}},\"selector\":{\"id\":\"selected\"}}],\"text\":[{\"properties\":{\"fontColor\":{\"solid\":{\"color\":{\"expr\":{\"ThemeDataColor\":{\"ColorId\":0,\"Percent\":0}}}}},\"bold\":{\"expr\":{\"Literal\":{\"Value\":\"true\"}}}},\"selector\":{\"id\":\"default\"}},{\"properties\":{\"fontSize\":{\"expr\":{\"Literal\":{\"Value\":\"15D\"}}},\"fontColor\":{\"solid\":{\"color\":{\"expr\":{\"ThemeDataColor\":{\"ColorId\":1,\"Percent\":0}}}}}},\"selector\":{\"id\":\"selected\"}}],\"accentBar\":[{\"properties\":{\"show\":{\"expr\":{\"Literal\":{\"Value\":\"true\"}}},\"position\":{\"expr\":{\"Literal\":{\"Value\":\"'Bottom'\"}}}},\"selector\":{\"id\":\"selected\"}}]}},\"howCreated\":\"InsertVisualButton\"}",
          "filters": "[]",
          "height": 49.96,
          "width": 395.27,
          "x": 0.00,
          "y": 8.82,
          "z": 13002.00
        },
        {
          "config": "{\"name\":\"14de799b5eda0d260e50\",\"layouts\":[{\"id\":0,\"position\":{\"x\":1016.272965879265,\"y\":78.9501312335958,\"z\":4000,\"width\":253.6482939632546,\"height\":107.50656167979002,\"tabOrder\":4000}}],\"singleVisual\":{\"visualType\":\"card\",\"projections\":{\"Values\":[{\"queryRef\":\"WA_Fn-UseC_-HR-Employee-Attrition.Attrition Rate\"}]},\"prototypeQuery\":{\"Version\":2,\"From\":[{\"Name\":\"w\",\"Entity\":\"WA_Fn-UseC_-HR-Employee-Attrition\",\"Type\":0}],\"Select\":[{\"Measure\":{\"Expression\":{\"SourceRef\":{\"Source\":\"w\"}},\"Property\":\"Attrition Rate\"},\"Name\":\"WA_Fn-UseC_-HR-Employee-Attrition.Attrition Rate\",\"NativeReferenceName\":\"Attrition Rate\"}],\"OrderBy\":[{\"Direction\":2,\"Expression\":{\"Measure\":{\"Expression\":{\"SourceRef\":{\"Source\":\"w\"}},\"Property\":\"Attrition Rate\"}}}]},\"columnProperties\":{\"WA_Fn-UseC_-HR-Employee-Attrition.Attrition Rate\":{\"formatString\":\"0.00%;-0.00%;0.00%\"}},\"drillFilterOtherVisuals\":true,\"hasDefaultSort\":true,\"objects\":{\"categoryLabels\":[{\"properties\":{\"show\":{\"expr\":{\"Literal\":{\"Value\":\"false\"}}}}}]},\"vcObjects\":{\"title\":[{\"properties\":{\"show\":{\"expr\":{\"Literal\":{\"Value\":\"true\"}}},\"text\":{\"expr\":{\"Literal\":{\"Value\":\"'Attrition Rate'\"}}},\"bold\":{\"expr\":{\"Literal\":{\"Value\":\"true\"}}},\"fontSize\":{\"expr\":{\"Literal\":{\"Value\":\"16D\"}}},\"background\":{\"solid\":{\"color\":{\"expr\":{\"Literal\":{\"Value\":\"'#eb895f'\"}}}}},\"alignment\":{\"expr\":{\"Literal\":{\"Value\":\"'center'\"}}}}}]}}}",
          "filters": "[{\"expression\":{\"Arithmetic\":{\"Left\":{\"Measure\":{\"Expression\":{\"SourceRef\":{\"Entity\":\"WA_Fn-UseC_-HR-Employee-Attrition\"}},\"Property\":\"Attrition Rate\"}},\"Right\":{\"ScopedEval\":{\"Expression\":{\"Measure\":{\"Expression\":{\"SourceRef\":{\"Entity\":\"WA_Fn-UseC_-HR-Employee-Attrition\"}},\"Property\":\"Attrition Rate\"}},\"Scope\":[]}},\"Operator\":3}},\"type\":\"Advanced\",\"howCreated\":1,\"isHiddenInViewMode\":false}]",
          "height": 107.51,
          "width": 253.65,
          "x": 1016.27,
          "y": 78.95,
          "z": 4000.00
        },
        {
          "config": "{\"name\":\"35cedba837796aeed068\",\"layouts\":[{\"id\":0,\"position\":{\"x\":743.5102040816327,\"y\":468.734693877551,\"z\":13000,\"width\":527.5102040816327,\"height\":251.26530612244898,\"tabOrder\":13000}}],\"singleVisual\":{\"visualType\":\"lineChart\",\"projections\":{\"Category\":[{\"queryRef\":\"WA_Fn-UseC_-HR-Employee-Attrition.YearsWithCurrManager\",\"active\":true}],\"Y\":[{\"queryRef\":\"CountNonNull(WA_Fn-UseC_-HR-Employee-Attrition.Attrition)\"}]},\"prototypeQuery\":{\"Version\":2,\"From\":[{\"Name\":\"w\",\"Entity\":\"WA_Fn-UseC_-HR-Employee-Attrition\",\"Type\":0}],\"Select\":[{\"Aggregation\":{\"Expression\":{\"Column\":{\"Expression\":{\"SourceRef\":{\"Source\":\"w\"}},\"Property\":\"Attrition\"}},\"Function\":5},\"Name\":\"CountNonNull(WA_Fn-UseC_-HR-Employee-Attrition.Attrition)\",\"NativeReferenceName\":\"Count of Attrition\"},{\"Column\":{\"Expression\":{\"SourceRef\":{\"Source\":\"w\"}},\"Property\":\"YearsWithCurrManager\"},\"Name\":\"WA_Fn-UseC_-HR-Employee-Attrition.YearsWithCurrManager\",\"NativeReferenceName\":\"YearsWithCurrManager\"}],\"OrderBy\":[{\"Direction\":2,\"Expression\":{\"Aggregation\":{\"Expression\":{\"Column\":{\"Expression\":{\"SourceRef\":{\"Source\":\"w\"}},\"Property\":\"Attrition\"}},\"Function\":5}}}]},\"drillFilterOtherVisuals\":true,\"hasDefaultSort\":true,\"objects\":{\"dataPoint\":[{\"properties\":{\"fill\":{\"solid\":{\"color\":{\"expr\":{\"Literal\":{\"Value\":\"'#73361c'\"}}}}}}},{\"properties\":{\"fill\":{\"solid\":{\"color\":{\"expr\":{\"Literal\":{\"Value\":\"'#73361c'\"}}}}}},\"selector\":{\"metadata\":\"CountNonNull(WA_Fn-UseC_-HR-Employee-Attrition.Attrition)\"}}],\"labels\":[{\"properties\":{\"show\":{\"expr\":{\"Literal\":{\"Value\":\"false\"}}}}}],\"lineStyles\":[{\"properties\":{\"showMarker\":{\"expr\":{\"Literal\":{\"Value\":\"true\"}}}}}]},\"vcObjects\":{\"title\":[{\"properties\":{\"text\":{\"expr\":{\"Literal\":{\"Value\":\"'Attrition by YearsWithCurrManager'\"}}}}}]}}}",
          "filters": "[{\"name\":\"80fb7d68e2a0073a9635\",\"expression\":{\"Column\":{\"Expression\":{\"SourceRef\":{\"Entity\":\"WA_Fn-UseC_-HR-Employee-Attrition\"}},\"Property\":\"Attrition\"}},\"filter\":{\"Version\":2,\"From\":[{\"Name\":\"w\",\"Entity\":\"WA_Fn-UseC_-HR-Employee-Attrition\",\"Type\":0}],\"Where\":[{\"Condition\":{\"In\":{\"Expressions\":[{\"Column\":{\"Expression\":{\"SourceRef\":{\"Source\":\"w\"}},\"Property\":\"Attrition\"}}],\"Values\":[[{\"Literal\":{\"Value\":\"'Yes'\"}}]]}}}]},\"type\":\"Categorical\",\"howCreated\":1,\"objects\":{}}]",
          "height": 251.27,
          "width": 527.51,
          "x": 743.51,
          "y": 468.73,
          "z": 13000.00
        },
        {
          "config": "{\"name\":\"3e54bcc41a10ce215083\",\"layouts\":[{\"id\":0,\"position\":{\"x\":0,\"y\":79.3469387755102,\"z\":11000,\"width\":198.3673469387755,\"height\":107.26530612244898,\"tabOrder\":11000}}],\"singleVisual\":{\"visualType\":\"shape\",\"drillFilterOtherVisuals\":true,\"objects\":{\"shape\":[{\"properties\":{\"tileShape\":{\"expr\":{\"Literal\":{\"Value\":\"'rectangle'\"}}}}}],\"rotation\":[{\"properties\":{\"shapeAngle\":{\"expr\":{\"Literal\":{\"Value\":\"0L\"}}}}}],\"fill\":[{\"properties\":{\"fillColor\":{\"solid\":{\"color\":{\"expr\":{\"Literal\":{\"Value\":\"'#eb895f'\"}}}}}},\"selector\":{\"id\":\"default\"}}],\"text\":[{\"properties\":{\"show\":{\"expr\":{\"Literal\":{\"Value\":\"true\"}}}}},{\"properties\":{\"text\":{\"expr\":{\"Literal\":{\"Value\":\"'Filters'\"}}},\"fontSize\":{\"expr\":{\"Literal\":{\"Value\":\"30D\"}}},\"bold\":{\"expr\":{\"Literal\":{\"Value\":\"true\"}}}},\"selector\":{\"id\":\"default\"}}],\"outline\":[{\"properties\":{\"show\":{\"expr\":{\"Literal\":{\"Value\":\"false\"}}}}}]}},\"howCreated\":\"InsertVisualButton\"}",
          "filters": "[]",
          "height": 107.27,
          "width": 198.37,
          "x": 0.00,
          "y": 79.35,
          "z": 11000.00
        },
        {
          "config": "{\"name\":\"48d80ae03b045b57061d\",\"layouts\":[{\"id\":0,\"position\":{\"x\":743.5102040816327,\"y\":192.48979591836735,\"z\":13001,\"width\":527.5102040816327,\"height\":264.48979591836735,\"tabOrder\":13001}}],\"singleVisual\":{\"visualType\":\"clusteredBarChart\",\"projections\":{\"Category\":[{\"queryRef\":\"WA_Fn-UseC_-HR-Employee-Attrition.Attrition\",\"active\":true}],\"Y\":[{\"queryRef\":\"Sum(WA_Fn-UseC_-HR-Employee-Attrition.MonthlyIncome)\"}]},\"prototypeQuery\":{\"Version\":2,\"From\":[{\"Name\":\"w\",\"Entity\":\"WA_Fn-UseC_-HR-Employee-Attrition\",\"Type\":0}],\"Select\":[{\"Column\":{\"Expression\":{\"SourceRef\":{\"Source\":\"w\"}},\"Property\":\"Attrition\"},\"Name\":\"WA_Fn-UseC_-HR-Employee-Attrition.Attrition\",\"NativeReferenceName\":\"Attrition\"},{\"Aggregation\":{\"Expression\":{\"Column\":{\"Expression\":{\"SourceRef\":{\"Source\":\"w\"}},\"Property\":\"MonthlyIncome\"}},\"Function\":1},\"Name\":\"Sum(WA_Fn-UseC_-HR-Employee-Attrition.MonthlyIncome)\",\"NativeReferenceName\":\"Average of MonthlyIncome\"}],\"OrderBy\":[{\"Direction\":2,\"Expression\":{\"Aggregation\":{\"Expression\":{\"Column\":{\"Expression\":{\"SourceRef\":{\"Source\":\"w\"}},\"Property\":\"MonthlyIncome\"}},\"Function\":1}}}]},\"queryOptions\":{\"keepProjectionOrder\":true},\"drillFilterOtherVisuals\":true,\"hasDefaultSort\":true,\"objects\":{\"labels\":[{\"properties\":{\"show\":{\"expr\":{\"Literal\":{\"Value\":\"true\"}}}}}],\"dataPoint\":[{\"properties\":{\"fill\":{\"solid\":{\"color\":{\"expr\":{\"Literal\":{\"Value\":\"'#73361c'\"}}}}}}}]}}}",
          "filters": "[]",
          "height": 264.49,
          "width": 527.51,
          "x": 743.51,
          "y": 192.49,
          "z": 13001.00
        },
        {
          "config": "{\"name\":\"4e1f0ec1aee40e04851c\",\"layouts\":[{\"id\":0,\"position\":{\"x\":210.12244897959184,\"y\":468.734693877551,\"z\":12000,\"width\":518.6938775510204,\"height\":251.26530612244898,\"tabOrder\":12000}}],\"singleVisual\":{\"visualType\":\"lineChart\",\"projections\":{\"Y\":[{\"queryRef\":\"CountNonNull(WA_Fn-UseC_-HR-Employee-Attrition.Attrition)\"}],\"Category\":[{\"queryRef\":\"WA_Fn-UseC_-HR-Employee-Attrition.PercentSalaryHike\",\"active\":true}]},\"prototypeQuery\":{\"Version\":2,\"From\":[{\"Name\":\"w\",\"Entity\":\"WA_Fn-UseC_-HR-Employee-Attrition\",\"Type\":0}],\"Select\":[{\"Aggregation\":{\"Expression\":{\"Column\":{\"Expression\":{\"SourceRef\":{\"Source\":\"w\"}},\"Property\":\"Attrition\"}},\"Function\":5},\"Name\":\"CountNonNull(WA_Fn-UseC_-HR-Employee-Attrition.Attrition)\",\"NativeReferenceName\":\"Count of Attrition\"},{\"Column\":{\"Expression\":{\"SourceRef\":{\"Source\":\"w\"}},\"Property\":\"PercentSalaryHike\"},\"Name\":\"WA_Fn-UseC_-HR-Employee-Attrition.PercentSalaryHike\",\"NativeReferenceName\":\"PercentSalaryHike\"}],\"OrderBy\":[{\"Direction\":2,\"Expression\":{\"Aggregation\":{\"Expression\":{\"Column\":{\"Expression\":{\"SourceRef\":{\"Source\":\"w\"}},\"Property\":\"Attrition\"}},\"Function\":5}}}]},\"drillFilterOtherVisuals\":true,\"hasDefaultSort\":true,\"objects\":{\"dataPoint\":[{\"properties\":{\"fill\":{\"solid\":{\"color\":{\"expr\":{\"Literal\":{\"Value\":\"'#73361c'\"}}}}}}},{\"properties\":{\"fill\":{\"solid\":{\"color\":{\"expr\":{\"Literal\":{\"Value\":\"'#73361c'\"}}}}}},\"selector\":{\"metadata\":\"CountNonNull(WA_Fn-UseC_-HR-Employee-Attrition.Attrition)\"}}],\"labels\":[{\"properties\":{\"show\":{\"expr\":{\"Literal\":{\"Value\":\"false\"}}}}}],\"lineStyles\":[{\"properties\":{\"showMarker\":{\"expr\":{\"Literal\":{\"Value\":\"true\"}}}}}]},\"vcObjects\":{\"title\":[{\"properties\":{\"text\":{\"expr\":{\"Literal\":{\"Value\":\"'Attrition by PercentSalaryHike'\"}}}}}]}}}",
          "filters": "[{\"name\":\"80fb7d68e2a0073a9635\",\"expression\":{\"Column\":{\"Expression\":{\"SourceRef\":{\"Entity\":\"WA_Fn-UseC_-HR-Employee-Attrition\"}},\"Property\":\"Attrition\"}},\"filter\":{\"Version\":2,\"From\":[{\"Name\":\"w\",\"Entity\":\"WA_Fn-UseC_-HR-Employee-Attrition\",\"Type\":0}],\"Where\":[{\"Condition\":{\"In\":{\"Expressions\":[{\"Column\":{\"Expression\":{\"SourceRef\":{\"Source\":\"w\"}},\"Property\":\"Attrition\"}}],\"Values\":[[{\"Literal\":{\"Value\":\"'Yes'\"}}]]}}}]},\"type\":\"Categorical\",\"howCreated\":1,\"objects\":{}}]",
          "height": 251.27,
          "width": 518.69,
          "x": 210.12,
          "y": 468.73,
          "z": 12000.00
        },
        {
          "config": "{\"name\":\"5ee1570783be10cc0d2e\",\"layouts\":[{\"id\":0,\"position\":{\"x\":744.1469816272966,\"y\":78.9501312335958,\"z\":3000,\"width\":260.36745406824144,\"height\":107.50656167979002,\"tabOrder\":3000}}],\"singleVisual\":{\"visualType\":\"card\",\"projections\":{\"Values\":[{\"queryRef\":\"Sum(WA_Fn-UseC_-HR-Employee-Attrition.EmployeeCount)\"}]},\"prototypeQuery\":{\"Version\":2,\"From\":[{\"Name\":\"w\",\"Entity\":\"WA_Fn-UseC_-HR-Employee-Attrition\",\"Type\":0}],\"Select\":[{\"Aggregation\":{\"Expression\":{\"Column\":{\"Expression\":{\"SourceRef\":{\"Source\":\"w\"}},\"Property\":\"EmployeeCount\"}},\"Function\":0},\"Name\":\"Sum(WA_Fn-UseC_-HR-Employee-Attrition.EmployeeCount)\",\"NativeReferenceName\":\"Sum of EmployeeCount\"}],\"OrderBy\":[{\"Direction\":2,\"Expression\":{\"Aggregation\":{\"Expression\":{\"Column\":{\"Expression\":{\"SourceRef\":{\"Source\":\"w\"}},\"Property\":\"EmployeeCount\"}},\"Function\":0}}}]},\"drillFilterOtherVisuals\":true,\"hasDefaultSort\":true,\"objects\":{\"categoryLabels\":[{\"properties\":{\"show\":{\"expr\":{\"Literal\":{\"Value\":\"false\"}}}}}]},\"vcObjects\":{\"title\":[{\"properties\":{\"show\":{\"expr\":{\"Literal\":{\"Value\":\"true\"}}},\"text\":{\"expr\":{\"Literal\":{\"Value\":\"'Current Employees'\"}}},\"fontSize\":{\"expr\":{\"Literal\":{\"Value\":\"16D\"}}},\"bold\":{\"expr\":{\"Literal\":{\"Value\":\"true\"}}},\"background\":{\"solid\":{\"color\":{\"expr\":{\"Literal\":{\"Value\":\"'#eb895f'\"}}}}},\"alignment\":{\"expr\":{\"Literal\":{\"Value\":\"'center'\"}}}}}]}}}",
          "filters": "[{\"name\":\"b6be29d9a3014e907aec\",\"expression\":{\"Column\":{\"Expression\":{\"SourceRef\":{\"Entity\":\"WA_Fn-UseC_-HR-Employee-Attrition\"}},\"Property\":\"Attrition\"}},\"filter\":{\"Version\":2,\"From\":[{\"Name\":\"w\",\"Entity\":\"WA_Fn-UseC_-HR-Employee-Attrition\",\"Type\":0}],\"Where\":[{\"Condition\":{\"In\":{\"Expressions\":[{\"Column\":{\"Expression\":{\"SourceRef\":{\"Source\":\"w\"}},\"Property\":\"Attrition\"}}],\"Values\":[[{\"Literal\":{\"Value\":\"'No'\"}}]]}}}]},\"type\":\"Categorical\",\"howCreated\":1,\"objects\":{}}]",
          "height": 107.51,
          "width": 260.37,
          "x": 744.15,
          "y": 78.95,
          "z": 3000.00
        },
        {
          "config": "{\"name\":\"5f00d1069de102041c57\",\"layouts\":[{\"id\":0,\"position\":{\"x\":0,\"y\":549.5510204081633,\"z\":10000,\"width\":198.3673469387755,\"height\":170.44897959183672,\"tabOrder\":10000}}],\"singleVisual\":{\"visualType\":\"slicer\",\"projections\":{\"Values\":[{\"queryRef\":\"WA_Fn-UseC_-HR-Employee-Attrition.JobRole\",\"active\":true}]},\"prototypeQuery\":{\"Version\":2,\"From\":[{\"Name\":\"w\",\"Entity\":\"WA_Fn-UseC_-HR-Employee-Attrition\",\"Type\":0}],\"Select\":[{\"Column\":{\"Expression\":{\"SourceRef\":{\"Source\":\"w\"}},\"Property\":\"JobRole\"},\"Name\":\"WA_Fn-UseC_-HR-Employee-Attrition.JobRole\",\"NativeReferenceName\":\"JobRole\"}]},\"drillFilterOtherVisuals\":true,\"objects\":{\"data\":[{\"properties\":{\"mode\":{\"expr\":{\"Literal\":{\"Value\":\"'Basic'\"}}}}}],\"general\":[{\"properties\":{\"orientation\":{\"expr\":{\"Literal\":{\"Value\":\"0D\"}}}}}]}}}",
          "filters": "[]",
          "height": 170.45,
          "width": 198.37,
          "x": 0.00,
          "y": 549.55,
          "z": 10000.00
        },
        {
          "config": "{\"name\":\"a2b5ca13e73a69313ae9\",\"layouts\":[{\"id\":0,\"position\":{\"x\":0,\"y\":421.7142857142857,\"z\":9000,\"width\":198.3673469387755,\"height\":116.08163265306122,\"tabOrder\":9000}}],\"singleVisual\":{\"visualType\":\"slicer\",\"projections\":{\"Values\":[{\"queryRef\":\"WA_Fn-UseC_-HR-Employee-Attrition.Department\",\"active\":true}]},\"prototypeQuery\":{\"Version\":2,\"From\":[{\"Name\":\"w\",\"Entity\":\"WA_Fn-UseC_-HR-Employee-Attrition\",\"Type\":0}],\"Select\":[{\"Column\":{\"Expression\":{\"SourceRef\":{\"Source\":\"w\"}},\"Property\":\"Department\"},\"Name\":\"WA_Fn-UseC_-HR-Employee-Attrition.Department\",\"NativeReferenceName\":\"Department\"}]},\"drillFilterOtherVisuals\":true,\"objects\":{\"data\":[{\"properties\":{\"mode\":{\"expr\":{\"Literal\":{\"Value\":\"'Basic'\"}}}}}]}}}",
          "filters": "[]",
          "height": 116.08,
          "width": 198.37,
          "x": 0.00,
          "y": 421.71,
          "z": 9000.00
        },
        {
          "config": "{\"name\":\"a4a9831114ce8c036aee\",\"layouts\":[{\"id\":0,\"position\":{\"x\":209.9737532808399,\"y\":78.9501312335958,\"z\":1000,\"width\":253.6482939632546,\"height\":107.50656167979002,\"tabOrder\":1000}}],\"singleVisual\":{\"visualType\":\"card\",\"projections\":{\"Values\":[{\"queryRef\":\"Sum(WA_Fn-UseC_-HR-Employee-Attrition.EmployeeCount)\"}]},\"prototypeQuery\":{\"Version\":2,\"From\":[{\"Name\":\"w\",\"Entity\":\"WA_Fn-UseC_-HR-Employee-Attrition\",\"Type\":0}],\"Select\":[{\"Aggregation\":{\"Expression\":{\"Column\":{\"Expression\":{\"SourceRef\":{\"Source\":\"w\"}},\"Property\":\"EmployeeCount\"}},\"Function\":0},\"Name\":\"Sum(WA_Fn-UseC_-HR-Employee-Attrition.EmployeeCount)\",\"NativeReferenceName\":\"Sum of EmployeeCount\"}],\"OrderBy\":[{\"Direction\":2,\"Expression\":{\"Aggregation\":{\"Expression\":{\"Column\":{\"Expression\":{\"SourceRef\":{\"Source\":\"w\"}},\"Property\":\"EmployeeCount\"}},\"Function\":0}}}]},\"drillFilterOtherVisuals\":true,\"hasDefaultSort\":true,\"objects\":{\"categoryLabels\":[{\"properties\":{\"show\":{\"expr\":{\"Literal\":{\"Value\":\"false\"}}}}}]},\"vcObjects\":{\"title\":[{\"properties\":{\"show\":{\"expr\":{\"Literal\":{\"Value\":\"true\"}}},\"text\":{\"expr\":{\"Literal\":{\"Value\":\"'Total Employees'\"}}},\"alignment\":{\"expr\":{\"Literal\":{\"Value\":\"'center'\"}}},\"background\":{\"solid\":{\"color\":{\"expr\":{\"Literal\":{\"Value\":\"'#eb895f'\"}}}}},\"fontSize\":{\"expr\":{\"Literal\":{\"Value\":\"16D\"}}},\"bold\":{\"expr\":{\"Literal\":{\"Value\":\"true\"}}},\"fontColor\":{\"solid\":{\"color\":{\"expr\":{\"ThemeDataColor\":{\"ColorId\":1,\"Percent\":0}}}}}}}]}}}",
          "filters": "[]",
          "height": 107.51,
          "width": 253.65,
          "x": 209.97,
          "y": 78.95,
          "z": 1000.00
        },
        {
          "config": "{\"name\":\"b0e178b9768074206c9c\",\"layouts\":[{\"id\":0,\"position\":{\"x\":210.12244897959184,\"y\":192.48979591836735,\"z\":6000,\"width\":520.1632653061224,\"height\":264.48979591836735,\"tabOrder\":6000}}],\"singleVisual\":{\"visualType\":\"lineChart\",\"projections\":{\"Category\":[{\"queryRef\":\"WA_Fn-UseC_-HR-Employee-Attrition.YearsAtCompany\",\"active\":true}],\"Y\":[{\"queryRef\":\"CountNonNull(WA_Fn-UseC_-HR-Employee-Attrition.Attrition)\"}]},\"prototypeQuery\":{\"Version\":2,\"From\":[{\"Name\":\"w\",\"Entity\":\"WA_Fn-UseC_-HR-Employee-Attrition\",\"Type\":0}],\"Select\":[{\"Column\":{\"Expression\":{\"SourceRef\":{\"Source\":\"w\"}},\"Property\":\"YearsAtCompany\"},\"Name\":\"WA_Fn-UseC_-HR-Employee-Attrition.YearsAtCompany\",\"NativeReferenceName\":\"YearsAtCompany\"},{\"Aggregation\":{\"Expression\":{\"Column\":{\"Expression\":{\"SourceRef\":{\"Source\":\"w\"}},\"Property\":\"Attrition\"}},\"Function\":5},\"Name\":\"CountNonNull(WA_Fn-UseC_-HR-Employee-Attrition.Attrition)\",\"NativeReferenceName\":\"Count of Attrition\"}],\"OrderBy\":[{\"Direction\":2,\"Expression\":{\"Aggregation\":{\"Expression\":{\"Column\":{\"Expression\":{\"SourceRef\":{\"Source\":\"w\"}},\"Property\":\"Attrition\"}},\"Function\":5}}}]},\"drillFilterOtherVisuals\":true,\"hasDefaultSort\":true,\"objects\":{\"labels\":[{\"properties\":{\"show\":{\"expr\":{\"Literal\":{\"Value\":\"true\"}}}}}],\"dataPoint\":[{\"properties\":{\"fill\":{\"solid\":{\"color\":{\"expr\":{\"ThemeDataColor\":{\"ColorId\":4,\"Percent\":-0.5}}}}}}},{\"properties\":{\"fill\":{\"solid\":{\"color\":{\"expr\":{\"ThemeDataColor\":{\"ColorId\":4,\"Percent\":0.2}}}}}},\"selector\":{\"data\":[{\"scopeId\":{\"Comparison\":{\"ComparisonKind\":0,\"Left\":{\"Column\":{\"Expression\":{\"SourceRef\":{\"Entity\":\"WA_Fn-UseC_-HR-Employee-Attrition\"}},\"Property\":\"MaritalStatus\"}},\"Right\":{\"Literal\":{\"Value\":\"'Single'\"}}}}}]}},{\"properties\":{\"fill\":{\"solid\":{\"color\":{\"expr\":{\"ThemeDataColor\":{\"ColorId\":4,\"Percent\":-0.5}}}}}},\"selector\":{\"data\":[{\"scopeId\":{\"Comparison\":{\"ComparisonKind\":0,\"Left\":{\"Column\":{\"Expression\":{\"SourceRef\":{\"Entity\":\"WA_Fn-UseC_-HR-Employee-Attrition\"}},\"Property\":\"MaritalStatus\"}},\"Right\":{\"Literal\":{\"Value\":\"'Married'\"}}}}}]}},{\"properties\":{\"fill\":{\"solid\":{\"color\":{\"expr\":{\"Literal\":{\"Value\":\"'#FF8800'\"}}}}}},\"selector\":{\"data\":[{\"scopeId\":{\"Comparison\":{\"ComparisonKind\":0,\"Left\":{\"Column\":{\"Expression\":{\"SourceRef\":{\"Entity\":\"WA_Fn-UseC_-HR-Employee-Attrition\"}},\"Property\":\"MaritalStatus\"}},\"Right\":{\"Literal\":{\"Value\":\"'Divorced'\"}}}}}]}},{\"properties\":{\"fill\":{\"solid\":{\"color\":{\"expr\":{\"Literal\":{\"Value\":\"'#73361c'\"}}}}}},\"selector\":{\"data\":[{\"scopeId\":{\"Comparison\":{\"ComparisonKind\":0,\"Left\":{\"Column\":{\"Expression\":{\"SourceRef\":{\"Entity\":\"WA_Fn-UseC_-HR-Employee-Attrition\"}},\"Property\":\"Department\"}},\"Right\":{\"Literal\":{\"Value\":\"'Research & Development'\"}}}}}]}},{\"properties\":{\"fill\":{\"solid\":{\"color\":{\"expr\":{\"Literal\":{\"Value\":\"'#eb895f'\"}}}}}},\"selector\":{\"data\":[{\"scopeId\":{\"Comparison\":{\"ComparisonKind\":0,\"Left\":{\"Column\":{\"Expression\":{\"SourceRef\":{\"Entity\":\"WA_Fn-UseC_-HR-Employee-Attrition\"}},\"Property\":\"Department\"}},\"Right\":{\"Literal\":{\"Value\":\"'Sales'\"}}}}}]}},{\"properties\":{\"fill\":{\"solid\":{\"color\":{\"expr\":{\"Literal\":{\"Value\":\"'#FF8800'\"}}}}}},\"selector\":{\"data\":[{\"scopeId\":{\"Comparison\":{\"ComparisonKind\":0,\"Left\":{\"Column\":{\"Expression\":{\"SourceRef\":{\"Entity\":\"WA_Fn-UseC_-HR-Employee-Attrition\"}},\"Property\":\"Department\"}},\"Right\":{\"Literal\":{\"Value\":\"'Human Resources'\"}}}}}]}},{\"properties\":{\"fill\":{\"solid\":{\"color\":{\"expr\":{\"Literal\":{\"Value\":\"'#73361c'\"}}}}}},\"selector\":{\"metadata\":\"CountNonNull(WA_Fn-UseC_-HR-Employee-Attrition.Attrition)\"}}],\"legend\":[{\"properties\":{\"position\":{\"expr\":{\"Literal\":{\"Value\":\"'RightCenter'\"}}}}}],\"lineStyles\":[{\"properties\":{\"showMarker\":{\"expr\":{\"Literal\":{\"Value\":\"true\"}}}}}]},\"vcObjects\":{\"title\":[{\"properties\":{\"text\":{\"expr\":{\"Literal\":{\"Value\":\"'Attrition by YearsAtCompany'\"}}}}}]}}}",
          "filters": "[{\"name\":\"d4a86d4fd5bb77b4423d\",\"expression\":{\"Column\":{\"Expression\":{\"SourceRef\":{\"Entity\":\"WA_Fn-UseC_-HR-Employee-Attrition\"}},\"Property\":\"Attrition\"}},\"filter\":{\"Version\":2,\"From\":[{\"Name\":\"w\",\"Entity\":\"WA_Fn-UseC_-HR-Employee-Attrition\",\"Type\":0}],\"Where\":[{\"Condition\":{\"In\":{\"Expressions\":[{\"Column\":{\"Expression\":{\"SourceRef\":{\"Source\":\"w\"}},\"Property\":\"Attrition\"}}],\"Values\":[[{\"Literal\":{\"Value\":\"'Yes'\"}}]]}}}]},\"type\":\"Categorical\",\"howCreated\":1,\"objects\":{}}]",
          "height": 264.49,
          "width": 520.16,
          "x": 210.12,
          "y": 192.49,
          "z": 6000.00
        },
        {
          "config": "{\"name\":\"cc25c717143299d02e05\",\"layouts\":[{\"id\":0,\"position\":{\"x\":475.3805774278215,\"y\":78.9501312335958,\"z\":2000,\"width\":253.6482939632546,\"height\":107.50656167979002,\"tabOrder\":2000}}],\"singleVisual\":{\"visualType\":\"card\",\"projections\":{\"Values\":[{\"queryRef\":\"Sum(WA_Fn-UseC_-HR-Employee-Attrition.EmployeeCount)\"}]},\"prototypeQuery\":{\"Version\":2,\"From\":[{\"Name\":\"w\",\"Entity\":\"WA_Fn-UseC_-HR-Employee-Attrition\",\"Type\":0}],\"Select\":[{\"Aggregation\":{\"Expression\":{\"Column\":{\"Expression\":{\"SourceRef\":{\"Source\":\"w\"}},\"Property\":\"EmployeeCount\"}},\"Function\":0},\"Name\":\"Sum(WA_Fn-UseC_-HR-Employee-Attrition.EmployeeCount)\",\"NativeReferenceName\":\"Sum of EmployeeCount\"}],\"OrderBy\":[{\"Direction\":2,\"Expression\":{\"Aggregation\":{\"Expression\":{\"Column\":{\"Expression\":{\"SourceRef\":{\"Source\":\"w\"}},\"Property\":\"EmployeeCount\"}},\"Function\":0}}}]},\"drillFilterOtherVisuals\":true,\"hasDefaultSort\":true,\"objects\":{\"categoryLabels\":[{\"properties\":{\"show\":{\"expr\":{\"Literal\":{\"Value\":\"false\"}}}}}]},\"vcObjects\":{\"title\":[{\"properties\":{\"show\":{\"expr\":{\"Literal\":{\"Value\":\"true\"}}},\"text\":{\"expr\":{\"Literal\":{\"Value\":\"'Resigned Employees'\"}}},\"fontSize\":{\"expr\":{\"Literal\":{\"Value\":\"16D\"}}},\"bold\":{\"expr\":{\"Literal\":{\"Value\":\"true\"}}},\"alignment\":{\"expr\":{\"Literal\":{\"Value\":\"'center'\"}}},\"background\":{\"solid\":{\"color\":{\"expr\":{\"Literal\":{\"Value\":\"'#eb895f'\"}}}}}}}]}}}",
          "filters": "[{\"name\":\"8bfd268da0338ad2de0c\",\"expression\":{\"Column\":{\"Expression\":{\"SourceRef\":{\"Entity\":\"WA_Fn-UseC_-HR-Employee-Attrition\"}},\"Property\":\"Attrition\"}},\"filter\":{\"Version\":2,\"From\":[{\"Name\":\"w\",\"Entity\":\"WA_Fn-UseC_-HR-Employee-Attrition\",\"Type\":0}],\"Where\":[{\"Condition\":{\"In\":{\"Expressions\":[{\"Column\":{\"Expression\":{\"SourceRef\":{\"Source\":\"w\"}},\"Property\":\"Attrition\"}}],\"Values\":[[{\"Literal\":{\"Value\":\"'Yes'\"}}]]}}}]},\"type\":\"Categorical\",\"howCreated\":1,\"objects\":{}}]",
          "height": 107.51,
          "width": 253.65,
          "x": 475.38,
          "y": 78.95,
          "z": 2000.00
        },
        {
          "config": "{\"name\":\"db7c0d547dd0de709d5b\",\"layouts\":[{\"id\":0,\"position\":{\"x\":0,\"y\":192.48979591836735,\"z\":7000,\"width\":198.3673469387755,\"height\":92.57142857142857,\"tabOrder\":7000}}],\"singleVisual\":{\"visualType\":\"slicer\",\"projections\":{\"Values\":[{\"queryRef\":\"WA_Fn-UseC_-HR-Employee-Attrition.Gender\",\"active\":true}]},\"prototypeQuery\":{\"Version\":2,\"From\":[{\"Name\":\"w\",\"Entity\":\"WA_Fn-UseC_-HR-Employee-Attrition\",\"Type\":0}],\"Select\":[{\"Column\":{\"Expression\":{\"SourceRef\":{\"Source\":\"w\"}},\"Property\":\"Gender\"},\"Name\":\"WA_Fn-UseC_-HR-Employee-Attrition.Gender\",\"NativeReferenceName\":\"Gender\"}]},\"drillFilterOtherVisuals\":true,\"objects\":{\"data\":[{\"properties\":{\"mode\":{\"expr\":{\"Literal\":{\"Value\":\"'Basic'\"}}}}}],\"general\":[{\"properties\":{}}]}}}",
          "filters": "[]",
          "height": 92.57,
          "width": 198.37,
          "x": 0.00,
          "y": 192.49,
          "z": 7000.00
        },
        {
          "config": "{\"name\":\"e1580db298917866d2a0\",\"layouts\":[{\"id\":0,\"position\":{\"x\":0,\"y\":295.3469387755102,\"z\":8000,\"width\":198.3673469387755,\"height\":116.08163265306122,\"tabOrder\":8000}}],\"singleVisual\":{\"visualType\":\"slicer\",\"projections\":{\"Values\":[{\"queryRef\":\"WA_Fn-UseC_-HR-Employee-Attrition.MaritalStatus\",\"active\":true}]},\"prototypeQuery\":{\"Version\":2,\"From\":[{\"Name\":\"w\",\"Entity\":\"WA_Fn-UseC_-HR-Employee-Attrition\",\"Type\":0}],\"Select\":[{\"Column\":{\"Expression\":{\"SourceRef\":{\"Source\":\"w\"}},\"Property\":\"MaritalStatus\"},\"Name\":\"WA_Fn-UseC_-HR-Employee-Attrition.MaritalStatus\",\"NativeReferenceName\":\"MaritalStatus\"}]},\"drillFilterOtherVisuals\":true,\"objects\":{\"data\":[{\"properties\":{\"mode\":{\"expr\":{\"Literal\":{\"Value\":\"'Basic'\"}}}}}],\"general\":[{\"properties\":{}}]}}}",
          "filters": "[]",
          "height": 116.08,
          "width": 198.37,
          "x": 0.00,
          "y": 295.35,
          "z": 8000.00
        },
        {
          "config": "{\"name\":\"e535eb120eb240343070\",\"layouts\":[{\"id\":0,\"position\":{\"x\":0,\"y\":0,\"z\":0,\"width\":1279.8367346938776,\"height\":67.59183673469387,\"tabOrder\":0}}],\"singleVisual\":{\"visualType\":\"shape\",\"drillFilterOtherVisuals\":true,\"objects\":{\"shape\":[{\"properties\":{\"tileShape\":{\"expr\":{\"Literal\":{\"Value\":\"'rectangle'\"}}}}}],\"rotation\":[{\"properties\":{\"shapeAngle\":{\"expr\":{\"Literal\":{\"Value\":\"0L\"}}}}}],\"outline\":[{\"properties\":{\"show\":{\"expr\":{\"Literal\":{\"Value\":\"false\"}}}}}],\"fill\":[{\"properties\":{\"fillColor\":{\"solid\":{\"color\":{\"expr\":{\"ThemeDataColor\":{\"ColorId\":4,\"Percent\":0.2}}}}}},\"selector\":{\"id\":\"default\"}}],\"text\":[{\"properties\":{\"show\":{\"expr\":{\"Literal\":{\"Value\":\"true\"}}}}},{\"properties\":{\"text\":{\"expr\":{\"Literal\":{\"Value\":\"'Attrition Report'\"}}},\"bold\":{\"expr\":{\"Literal\":{\"Value\":\"true\"}}},\"fontSize\":{\"expr\":{\"Literal\":{\"Value\":\"30D\"}}}},\"selector\":{\"id\":\"default\"}}]}},\"howCreated\":\"InsertVisualButton\"}",
          "filters": "[]",
          "height": 67.59,
          "width": 1279.84,
          "x": 0.00,
          "y": 0.00,
          "z": 0.00
        }
      ],
      "width": 1280.00
    }
  ]
}